question,answer,contexts,ground_truth
Giấy chứng nhận đăng ký chào bán số 250/GCN-UBCK được cấp vào ngày nào?,Tôi không tìm thấy thông tin này trong tài liệu.,"['# QUỸ ĐẦU TƯ CỔ PHIẾU DOANH NGHIỆP VỮA VÀ NHỎ TECHCOM (TCSME)\n*(Giấy chứng nhận đăng ký chào bán chứng chỉ quỹ đầu tư của pháp luật, phó với cổng chứng nhận 2561 GCH - UBCH do Chủ tịch UBCHN cấp ngày 23/8/2022)*  \nBản cáo bạch này được phát hành bởi:  \n**Công ty Cổ phần Quản lý quỹ Kỹ thương - TechcomCapital (“TCC”)**  \n**Địa chỉ** : Tầng 28, Tòa C5, số 119 Trần Duy Hưng, phường Trung Hòa, Quận Cầu Giấy, Hà Nội  \n**Điện thoại** : (84-24) 39446368Fax: (84-24) 39446583  \n**Website** : www.techcomcapital.com.vn  \n**Nơi cung cấp Bản cáo bạch:**  \nBản Cáo Bạch cập nhật nhất cùng các tài liệu của Quỹ (báo cáo hoạt động, báo cáo tài chính, Điều lệ Quỹ và các tài liệu cần thiết khác) được cung cấp trên trang điện tử của TCC, www.techcomcapital.com.vn, tại văn phòng của TCC và các Đại lý phân phối như danh sách trong phụ lục 1 của Bản Cáo Bạch.', '6  \nvà Giấy chứng nhận đăng ký hoạt động lưu ký chứng khoán số 510/QĐ-ĐKHĐLK ngày 01/08/2006 do UBCKNN cấp, thực hiện các nghiệp vụ bảo quản, lưu ký các chứng khoán, các hợp đồng kinh tế, các chứng từ có liên quan đến tài sản của Quỹ, đồng thời giám sát hoạt động của Quỹ. Quyền và nghĩa vụ của Ngân Hàng Giám Sát được quy định tại Chương VII của Điều lệ Quỹ.  \n“Công Ty Kiểm Toán” là công ty kiểm toán độc lập cho quỹ được Đại Hội Nhà Đầu Tư chỉ định, thực hiện việc kiểm toán hàng năm tài sản của Quỹ Đầu Tư Cổ phiếu Doanh nghiệp vừa và nhỏ Techcom.  \n“Điều lệ” có nghĩa là Điều lệ Quỹ, các phụ lục đính kèm và các sửa đổi bổ sung hợp pháp (nếu có) được Đại hội nhà đầu tư thông qua tại Đại hội Nhà đầu tư.', '# PHỤ LỤC 1. DANH SÁCH ĐẠI LÝ PHÂN PHỐI VÀ CÁC ĐIỂM NHẬN LỆNH\nCông ty Cổ phần Chứng khoán Kỹ thương (“TCBS”)  \nGiấy phép thành lập và hoạt động: Số 125/GP-UBCK ngày 30/05/2018 do Ủy ban Chứng khoán Nhà nước cấp  \nĐịa chỉ nhận lệnh: Tầng 10 và Tầng 12, Tòa nhà Techcombank, 191 Bà Triệu, Phường Lê Đại Hành, quận Hai Bà Trưng, Hà Nội', '# II. CÁC ĐỊNH NGHĨA\nGiấy chứng nhận đăng ký doanh nghiệp số 0102995749 do Sở Kế hoạch và Đầu tư Thành phố Hà Nội cấp ngày 27/05/2021, đáp ứng các tiêu chuẩn như nêu tại Điều 30 và có các quyền và nghĩa vụ như quy định tại Điều 31 của Điều lệ Quỹ.  \n“Ngân Hàng Giám Sát” Là Ngân hàng TMCP Đầu tư và Phát triển Việt Nam - Chi nhánh Hà Thành, một chi nhánh được thành lập theo Giấy chứng nhận đăng ký hoạt động chi nhánh số 0100150619-073 cấp lần đầu ngày 12/9/2003 thay đổi lần 12 ngày 16/06/2020 do Sở kế hoạch và Đầu tư thành phố Hà Nội cấp', '- Giấy chứng nhận đăng ký lập Quỹ đại chúng: do UBCKNN cấp\n- Loại hình: Quỹ mở\n- Vốn điều lệ ban đầu: 50.000.000.000 (năm mươi tỷ đồng)\n- Thời hạn của Quỹ: không giới hạn']",Giấy chứng nhận đăng ký chào bán chứng chỉ quỹ số 250/GCN-UBCK do Chủ tịch UBCKNN cấp ngày 23/8/2022.
"Địa chỉ văn phòng của TechcomCapital tại Tầng 28, Tòa C5, số 119 Trần Duy Hưng là ở quận nào?","Địa chỉ văn phòng của TechcomCapital tại Tầng 28, Tòa C5, số 119 Trần Duy Hưng nằm ở Quận Cầu Giấy.

[Trang 1] - [Trang 15]","['## XIV. THÔNG TIN LIÊN LẠC\nĐể biết thêm thông tin chung, xin liên hệ:  \nCông Ty Cổ phần Quản lý Quỹ Kỹ thương (TechcomCapital)  \nĐịa chỉ: Tầng 28, Tòa C5, số 119 Trần Duy Hưng, phường Trung Hòa, Quận Cầu Giấy, Hà Nội  \nĐiện thoại: (+84) 24 39446368\nFax: (+84) 24 39446583', '# QUỸ ĐẦU TƯ CỔ PHIẾU DOANH NGHIỆP VỮA VÀ NHỎ TECHCOM (TCSME)\n**Phụ trách công bố thông tin:**  \n**Ông** : Đặng Lưu Dũng – Tổng Giám đốc  \n**Địa chỉ** : Công ty Cổ phần Quản lý quỹ Kỹ thương  \nTầng 28, Tòa C5, số 119 Trần Duy Hưng, phường Trung Hòa, Quận Cầu Giấy, Hà Nội  \n**Điện thoại** : (84-24) 39446368Fax: (84-24) 39446583', '# QUỸ ĐẦU TƯ CỔ PHIẾU DOANH NGHIỆP VỮA VÀ NHỎ TECHCOM (TCSME)\n*(Giấy chứng nhận đăng ký chào bán chứng chỉ quỹ đầu tư của pháp luật, phó với cổng chứng nhận 2561 GCH - UBCH do Chủ tịch UBCHN cấp ngày 23/8/2022)*  \nBản cáo bạch này được phát hành bởi:  \n**Công ty Cổ phần Quản lý quỹ Kỹ thương - TechcomCapital (“TCC”)**  \n**Địa chỉ** : Tầng 28, Tòa C5, số 119 Trần Duy Hưng, phường Trung Hòa, Quận Cầu Giấy, Hà Nội  \n**Điện thoại** : (84-24) 39446368Fax: (84-24) 39446583  \n**Website** : www.techcomcapital.com.vn  \n**Nơi cung cấp Bản cáo bạch:**  \nBản Cáo Bạch cập nhật nhất cùng các tài liệu của Quỹ (báo cáo hoạt động, báo cáo tài chính, Điều lệ Quỹ và các tài liệu cần thiết khác) được cung cấp trên trang điện tử của TCC, www.techcomcapital.com.vn, tại văn phòng của TCC và các Đại lý phân phối như danh sách trong phụ lục 1 của Bản Cáo Bạch.', '# IV. THÔNG TIN VỀ CÔNG TY CỔ PHẦN QUẢN LÝ QUỸ KỸ THƯƠNG\n## 1. Các thông tin chung\n- **Tên bằng tiếng Việt:** Công ty Cổ phần Quản lý Quỹ Kỹ thương\n- **Tên bằng tiếng Anh:** TechcomCapital Joint Stock Company\n- **Tên viết tắt:** TechcomCapital (TCC)\n- **Giấy phép thành lập:** Giấy phép thành lập và hoạt động Số 40/UBCK-GP do Chủ tịch Ủy ban Chứng khoán Nhà nước cấp ngày 21/10/2008 và được cấp lại Giấy phép thành lập và hoạt động Số 57/GP-UBCK do UBCKNN cấp ngày 30/01/2019 do chuyển đổi loại hình từ công ty TNHH sang công ty cổ phần.\n- **Giấy chứng nhận đăng ký doanh nghiệp số** 0102995749 do Sở Kế hoạch và Đầu tư Thành phố Hà Nội cấp ngày 27/05/2021\n- **Vốn điều lệ:** 44.943.820.000 đồng (Bốn mươi bốn tỷ chính trăm bốn mươi ba triệu tám trăm hai mươi nghìn đồng)\n- **Địa chỉ đăng ký:** Tầng 28, Tòa C5, số 119 Trần Duy Hưng, phường Trung Hòa, Quận Cầu Giấy, Hà Nội', 'Quỹ không quy định quy mô tối đa trong đợt phát hành lần đầu ra công chúng. Vì vậy, nếu giá trị phát hành được vượt 50.000.000.000 VNĐ (năm mươi tỷ đồng), các Nhà Đầu Tư sẽ được phân bổ số lượng Đơn Vị Quỹ bằng với số đã đặt mua.  \n- Địa điểm phát hành:\nCông ty Cổ phần Quản lý Quỹ Kỹ thương\nĐịa chỉ đăng ký: Tầng 28, Tòa C5, số 119 Trần Duy Hưng, phường Trung Hòa, Quận Cầu Giấy, Hà Nội\nĐiện thoại: (+84) 24 39446368   Fax: (+84) 24 39446583  \n- Đại lý phân phối và điểm nhận lệnh:\nCông ty Cổ phần Chứng khoán Kỹ thương (“TCBS”)\nĐịa chỉ: Tầng 10 và Tầng 12, tòa nhà Techcombank, 191 Bà Triệu, phường Lê Đại Hành, quận Hai Bà Trưng, TP. Hà Nội\nĐiện thoại: 84.24.22201039   Fax: 84.24.22201032  \n- Các đối tác có liên quan đến đợt phát hành  \n**Ủy quyền đại lý chuyển nhượng**']","Địa chỉ tại Tầng 28, Tòa C5, số 119 Trần Duy Hưng, phường Trung Hòa, Quận Cầu Giấy, Hà Nội."
Thông tin về Ngân hàng lưu ký có số giấy chứng nhận đăng ký hoạt động là 510/QĐ-ĐKHĐLK như thế nào?,"Tôi không tìm thấy thông tin cụ thể về Ngân hàng lưu ký và số giấy chứng nhận đăng ký hoạt động là 510/QĐ-ĐKHĐLK trong tài liệu.

Tuy nhiên, tôi có thể trích dẫn thông tin liên quan đến Ngân hàng giám sát từ tài liệu:

- Tên ngân hàng: Ngân hàng TMCP Đầu tư và Phát triển Việt Nam – Chi nhánh Hà Thành
- Giấy chứng nhận đăng ký hoạt động chi nhánh: Số 0100150619-073 cấp lần đầu ngày 12/9/2003 thay đổi lần 12 ngày 16/06/2020 do Sở kế hoạch và Đầu tư thành phố Hà Nội cấp
- GCNDK hoạt động lưu ký: Số 510/QĐ-ĐKHĐLK ngày 01/08/2006 do UBCKNN cấp

Trụ sở chính: 74 Thợ Nhuộm, Hoàn Kiếm, Hà Nội, Việt Nam
Điện thoại: +84.24 39411840 Fax: +84.24 39411847

[PAGE 68]","['6  \nvà Giấy chứng nhận đăng ký hoạt động lưu ký chứng khoán số 510/QĐ-ĐKHĐLK ngày 01/08/2006 do UBCKNN cấp, thực hiện các nghiệp vụ bảo quản, lưu ký các chứng khoán, các hợp đồng kinh tế, các chứng từ có liên quan đến tài sản của Quỹ, đồng thời giám sát hoạt động của Quỹ. Quyền và nghĩa vụ của Ngân Hàng Giám Sát được quy định tại Chương VII của Điều lệ Quỹ.  \n“Công Ty Kiểm Toán” là công ty kiểm toán độc lập cho quỹ được Đại Hội Nhà Đầu Tư chỉ định, thực hiện việc kiểm toán hàng năm tài sản của Quỹ Đầu Tư Cổ phiếu Doanh nghiệp vừa và nhỏ Techcom.  \n“Điều lệ” có nghĩa là Điều lệ Quỹ, các phụ lục đính kèm và các sửa đổi bổ sung hợp pháp (nếu có) được Đại hội nhà đầu tư thông qua tại Đại hội Nhà đầu tư.', '# PHỤ LỤC 2. CÁC ĐỐI TÁC CÓ LIÊN QUAN\nNgân hàng lưu ký, giám sát và quản trị quỹ:  \nNgân hàng TMCP Đầu tư và Phát triển Việt Nam - Chi nhánh Hà Thành, một chi nhánh được thành lập theo Giấy chứng nhận đăng ký hoạt động chi nhánh số 0100150619-073 cấp lần đầu ngày 12/9/2003 thay đổi lần 12 ngày 16/06/2020 do Sở kế hoạch và Đầu tư thành phố Hà Nội cấp và Giấy chứng nhận đăng ký hoạt động lưu ký chứng khoán số 510/QĐ-ĐKHĐLK ngày 01/08/2006 do UBCKNN cấp, thực hiện các nghiệp vụ (i) bảo quản, lưu ký chứng khoán, tài liệu xác nhận quyền sở hữu tài sản hợp pháp của Quỹ; các hợp đồng kinh tế, các chứng từ có liên quan đến tài sản của Quỹ đồng thời giám sát hoạt động của Quỹ; (ii) thực hiện chức năng giám sát toàn bộ quản lý tài sản của Quỹ do Công ty Quản lý Quỹ thực hiện.  \n![img-15.jpeg](img-15.jpeg)', '## V. NGÂN HÀNG GIÁM SÁT\n- Tên ngân hàng: Ngân hàng TMCP Đầu tư và Phát triển Việt Nam – Chi nhánh Hà Thành\n- Giấy chứng nhận đăng ký hoạt động chi nhánh: Số 0100150619-073 cấp lần đầu ngày 12/9/2003 thay đổi lần 12 ngày 16/06/2020 do Sở kế hoạch và Đầu tư thành phố Hà Nội cấp\n- GCNDK hoạt động lưu ký: Số 510/QĐ-ĐKHĐLK ngày 01/08/2006 do UBCKNN cấp\n- Trụ sở chính: 74 Thợ Nhuộm, Hoàn Kiếm, Hà Nội, Việt Nam\n- Điện thoại: +84.24 39411840 Fax: +84.24 39411847  \nNgân hàng Giám sát chịu trách nhiệm trong phạm vi liên quan đến hoạt động của ngân hàng giám sát theo quy định tại Điều lệ Quỹ và Hợp đồng Giám sát.', '# NGÂN HÀNG GIÁM SÁT\nTên ngân hàng giám sát: Ngân hàng TMCP Đầu tư &amp; Phát triển Việt Nam – Chi nhánh Hà Thành;  \nGiấy chứng nhận đăng ký kinh doanh số 0100150619-073 cấp lần đầu ngày 12/09/2003, thay đổi lần thứ 12 ngày 16/06/2020 do Sở Kế hoạch và Đầu tư thành phố Hà Nội cấp;  \nGiấy phép hoạt động lưu ký chứng khoán số: 510/QĐ-ĐKHĐLK ngày 01/08/2006 do UBCKNN cấp;  \nChúng tôi, với tư cách là Ngân hàng giám sát của Quỹ Đầu Tư Cổ phiếu Doanh nghiệp vừa và nhỏ Techcom sẽ chịu trách nhiệm theo các quy định trong phạm vi Hợp Đồng Cung Cấp Dịch Vụ lưu ký giám sát của Quỹ được ký kết giữa chúng tôi với Công ty Cổ phần Quản lý Quỹ Kỹ Thương, và các quy định về Ngân hàng giám sát trong Điều lệ, Bản cáo bạch của Quỹ.  \n![img-13.jpeg](img-13.jpeg)  \n![img-14.jpeg](img-14.jpeg)', 'Nhà đầu tư nên lưu lại một bản Hợp đồng và cập nhật các thông tin cung cấp trong Hợp đồng. Thông tin này sẽ được lưu lại trong Số Đăng Ký của Quỹ và luôn chứa đựng thông tin về địa chỉ hiện tại địa chỉ thư điện tử, nơi đăng ký thuế, và chi tiết tài khoản ngân hàng của từng Nhà Đầu Tư nhằm đảm bảo Nhà Đầu Tư nhận được đầy đủ các thông báo, báo cáo và thanh toán liên quan đến Quỹ.  \nNhà Đầu Tư mua Đơn Vị Quỹ tại các lần tiếp theo cần điền đầy đủ vào phiếu Lệnh Mua có sẵn tại các Điểm Nhận Lệnh.']","Là Ngân hàng TMCP Đầu tư và Phát triển Việt Nam - Chi nhánh Hà Thành, có Giấy chứng nhận đăng ký hoạt động lưu ký chứng khoán số 510/QĐ-ĐKHĐLK ngày 01/08/2006 do UBCKNN cấp."
"Mức phí quản lý quỹ là 2,0%/năm áp dụng cho đối tượng nào?",Tôi không tìm thấy thông tin này trong tài liệu.,"['Giá dịch vụ Quản Lý tối đa là 1,2%*NAV/năm.  \nĐại Hội Nhà Đầu Tư có thể ủy quyền cho Ban Đại Diện Quỹ quyết định điều chỉnh mức Giá dịch vụ Quản lý trong mức tối đa nêu trên nếu được Đại Hội Nhà Đầu Tư thông qua việc ủy quyền này trong Đại hội hàng năm gần nhất. Hiệu lực của việc điều chỉnh Giá dịch vụ Quản Lý sau khi Ban Đại Diện Quỹ phê duyệt sẽ được Công ty quản lý Quỹ công bố trên trang website. Trường hợp thay đổi Giá dịch vụ Quản lý dẫn đến giá dịch vụ vượt quá mức tối đa nêu trên sẽ phải được Đại Hội Nhà Đầu Tư phê duyệt.  \nTrong mọi trường hợp, tổng giá dịch vụ Quản lý Quỹ, giá dịch vụ Quản trị Quỹ và giá dịch vụ đại lý chuyển nhượng sẽ không vượt quá quy định của Pháp luật (2% NAV/năm).', '## 3.2 Giá dịch vụ mà Quỹ phải trả\nGiá dịch vụ Quản Lý tối đa là 1,2% * NAV/năm.  \nĐại Hội Nhà Đầu Tư có thể ủy quyền cho Ban Đại Diện Quỹ quyết định điều chỉnh mức Giá dịch vụ Quản lý trong mức tối đa nêu trên nếu được Đại Hội Nhà Đầu Tư thông qua việc ủy quyền này trong Đại hội hàng năm gần nhất. Hiệu lực của việc điều chỉnh Giá dịch vụ Quản Lý sau khi Ban Đại Diện Quỹ phê duyệt sẽ được Công ty quản lý Quỹ công bố trên trang website. Trường hợp thay đổi Giá dịch vụ Quản lý dẫn đến giá dịch vụ vượt quá mức tối đa nêu trên sẽ phải được Đại Hội Nhà Đầu Tư phê duyệt.  \nTrong mọi trường hợp, tổng giá dịch vụ Quản lý Quỹ, giá dịch vụ Quản trị Quỹ và giá dịch vụ đại lý chuyển nhượng sẽ không vượt quá quy định của Pháp luật (2% NAV/năm).', '## d) Giá dịch vụ Quản Trị Quỹ\nGiá dịch vụ Quản trị quỹ sẽ là 0,03% NAV/năm và thấp nhất là 15.000.000 đồng/ tháng (chưa bao gồm thuế VAT)  \nCông thức tính giá dịch vụ quản trị quỹ vào mỗi kỳ định giá được xác định như sau:  \nGiá dịch vụ quản trị quỹ cho kỳ định giá = Tỷ lệ giá dịch vụ quản trị quỹ (năm) x NAV tại ngày trước ngày định giá x số ngày theo lịch thực tế của chu kỳ định giá / số ngày thực tế của năm (365 hoặc 366).', '|  Từ trên 12 tháng trở lên | 0,00%  |\n| --- | --- |  \nGiá dịch vụ Chuyển Đổi Quỹ sẽ được hạch toán cho Công Ty Quản Lý Quỹ và Đại Lý Phân Phối căn cứ theo hợp đồng ký giữa Công Ty Quản Lý Quỹ và Đại Lý Phân Phối.', '## 3. Các rủi ro khi đầu tư vào Quỹ\nMục tiêu của Công Ty Quản Lý Quỹ là quản lý các rủi ro đầu tư, và nếu có thể, hạn chế tác động của các rủi ro này bằng việc áp dụng các phương pháp quản lý đầu tư theo tiêu chuẩn quốc tế tốt nhất. Nhà Đầu Tư cần lưu ý các điểm quan trọng sau đây:  \n- Quỹ, Công Ty Quản Lý Quỹ, thành viên Hội đồng thành viên, ban điều hành và nhân viên Công Ty Quản Lý Quỹ không có bất kỳ sự đảm bảo nào đối với vốn đầu tư ban đầu cũng như mức lợi nhuận từ đầu tư của Quỹ;\n- Không có bất kỳ sự bảo đảm nào về sổ lẫn chi trả và giá trị của cổ tức được thanh toán trong tương lai;  \n42']","Mức phí 2,0% NAV/năm là mức giá dịch vụ Quản Lý tối đa được quy định trong Bản cáo bạch (mức hiện tại áp dụng có thể thấp hơn tùy thông báo)."
Số điện thoại liên hệ của Công ty Cổ phần Quản lý quỹ Kỹ thương (TechcomCapital) là số nào?,"Số điện thoại liên hệ của Công ty Cổ phần Quản lý quỹ Kỹ thương (TechcomCapital) là (+84) 24 39446368.

[Trang 1]","['## XIV. THÔNG TIN LIÊN LẠC\nĐể biết thêm thông tin chung, xin liên hệ:  \nCông Ty Cổ phần Quản lý Quỹ Kỹ thương (TechcomCapital)  \nĐịa chỉ: Tầng 28, Tòa C5, số 119 Trần Duy Hưng, phường Trung Hòa, Quận Cầu Giấy, Hà Nội  \nĐiện thoại: (+84) 24 39446368\nFax: (+84) 24 39446583', '# IV. THÔNG TIN VỀ CÔNG TY CỔ PHẦN QUẢN LÝ QUỸ KỸ THƯƠNG\n## 1. Các thông tin chung\n- **Điện thoại:** (+84) 24 39446368  **Fax:** (+84) 24 39446583\n- **Các cổ đông của công ty Quản lý Quỹ sở hữu từ 5% trở lên vốn điều lệ:**  \n|  Tên cổ đông | Giá trị vốn chủ sở hữu | Tỷ lệ vốn chủ sở hữu  |\n| --- | --- | --- |\n|  Ngân hàng TMCP Kỹ thương Việt Nam | 39.999.800.000 | 88,99956%  |\n|  Bà Nguyễn Thị Thu Hiền | 2.696.640.000 | 6,00002%  |\n|  Cổ đông - Khác | 2.247.380.000 | 5,00042%  |\n|   | 44.943.820.000 | 100%  |  \nTechcombank được thành lập theo Giấy chứng nhận đăng ký doanh nghiệp số 0100230800 do Sở Kế hoạch và Đầu tư TP. Hà Nội cấp lần thứ 45 ngày 26/07/2013, đăng ký cấp lại mã số doanh nghiệp lần 1 ngày 03/07/2012 từ ĐKKD số 055697 do Trọng tài kinh tế Nhà nước cấp ngày 07/09/1993.', '# QUỸ ĐẦU TƯ CỔ PHIẾU DOANH NGHIỆP VỮA VÀ NHỎ TECHCOM (TCSME)\n**Phụ trách công bố thông tin:**  \n**Ông** : Đặng Lưu Dũng – Tổng Giám đốc  \n**Địa chỉ** : Công ty Cổ phần Quản lý quỹ Kỹ thương  \nTầng 28, Tòa C5, số 119 Trần Duy Hưng, phường Trung Hòa, Quận Cầu Giấy, Hà Nội  \n**Điện thoại** : (84-24) 39446368Fax: (84-24) 39446583', 'Quỹ không quy định quy mô tối đa trong đợt phát hành lần đầu ra công chúng. Vì vậy, nếu giá trị phát hành được vượt 50.000.000.000 VNĐ (năm mươi tỷ đồng), các Nhà Đầu Tư sẽ được phân bổ số lượng Đơn Vị Quỹ bằng với số đã đặt mua.  \n- Địa điểm phát hành:\nCông ty Cổ phần Quản lý Quỹ Kỹ thương\nĐịa chỉ đăng ký: Tầng 28, Tòa C5, số 119 Trần Duy Hưng, phường Trung Hòa, Quận Cầu Giấy, Hà Nội\nĐiện thoại: (+84) 24 39446368   Fax: (+84) 24 39446583  \n- Đại lý phân phối và điểm nhận lệnh:\nCông ty Cổ phần Chứng khoán Kỹ thương (“TCBS”)\nĐịa chỉ: Tầng 10 và Tầng 12, tòa nhà Techcombank, 191 Bà Triệu, phường Lê Đại Hành, quận Hai Bà Trưng, TP. Hà Nội\nĐiện thoại: 84.24.22201039   Fax: 84.24.22201032  \n- Các đối tác có liên quan đến đợt phát hành  \n**Ủy quyền đại lý chuyển nhượng**', '# QUỸ ĐẦU TƯ CỔ PHIẾU DOANH NGHIỆP VỮA VÀ NHỎ TECHCOM (TCSME)\n*(Giấy chứng nhận đăng ký chào bán chứng chỉ quỹ đầu tư của pháp luật, phó với cổng chứng nhận 2561 GCH - UBCH do Chủ tịch UBCHN cấp ngày 23/8/2022)*  \nBản cáo bạch này được phát hành bởi:  \n**Công ty Cổ phần Quản lý quỹ Kỹ thương - TechcomCapital (“TCC”)**  \n**Địa chỉ** : Tầng 28, Tòa C5, số 119 Trần Duy Hưng, phường Trung Hòa, Quận Cầu Giấy, Hà Nội  \n**Điện thoại** : (84-24) 39446368Fax: (84-24) 39446583  \n**Website** : www.techcomcapital.com.vn  \n**Nơi cung cấp Bản cáo bạch:**  \nBản Cáo Bạch cập nhật nhất cùng các tài liệu của Quỹ (báo cáo hoạt động, báo cáo tài chính, Điều lệ Quỹ và các tài liệu cần thiết khác) được cung cấp trên trang điện tử của TCC, www.techcomcapital.com.vn, tại văn phòng của TCC và các Đại lý phân phối như danh sách trong phụ lục 1 của Bản Cáo Bạch.']",Số điện thoại: (84-24) 39446368.
Mã số thuế hoặc số đăng ký kinh doanh của TechcomCapital được ghi nhận như thế nào?,"Tôi không tìm thấy thông tin về mã số thuế hoặc số đăng ký kinh doanh của TechcomCapital trong tài liệu.

[Trang 1] - ""QUỸ ĐẦU TƯ CỔ PHIẾU DOANH NGHIỆP VỮA VÀ NHỎ TECHCOM (TCSME)"" chỉ đề cập đến Giấy chứng nhận đăng ký chào bán chứng chỉ quỹ, không có thông tin về mã số thuế hoặc số đăng ký kinh doanh.","['# II. CÁC ĐỊNH NGHĨA\nGiấy chứng nhận đăng ký doanh nghiệp số 0102995749 do Sở Kế hoạch và Đầu tư Thành phố Hà Nội cấp ngày 27/05/2021, đáp ứng các tiêu chuẩn như nêu tại Điều 30 và có các quyền và nghĩa vụ như quy định tại Điều 31 của Điều lệ Quỹ.  \n“Ngân Hàng Giám Sát” Là Ngân hàng TMCP Đầu tư và Phát triển Việt Nam - Chi nhánh Hà Thành, một chi nhánh được thành lập theo Giấy chứng nhận đăng ký hoạt động chi nhánh số 0100150619-073 cấp lần đầu ngày 12/9/2003 thay đổi lần 12 ngày 16/06/2020 do Sở kế hoạch và Đầu tư thành phố Hà Nội cấp', '## 2.3. Đặc trưng của chứng chỉ Quỹ đầu tư\nCông ty quản lý quỹ thực hiện hoặc ủy quyền cho tổ chức cung cấp dịch vụ đại lý chuyển nhượng lập và quản lý số đăng ký nhà đầu tư chính (sổ chính) hoặc ủy quyền đại lý ký danh lập, quản lý đăng ký nhà đầu tư phụ (sổ phụ) và xác nhận quyền sở hữu chứng chỉ quỹ cho nhà đầu tư.  \nSố đăng ký nhà đầu tư của Quỹ có thể là văn bản, tập dữ liệu điện tử hoặc cả hai. Các nội dung của Số đăng ký nhà đầu tư được quy định chi tiết tại điều 15 Điều lệ Quỹ.', '# QUỸ ĐẦU TƯ CỔ PHIẾU DOANH NGHIỆP VỮA VÀ NHỎ TECHCOM (TCSME)\n*(Giấy chứng nhận đăng ký chào bán chứng chỉ quỹ đầu tư của pháp luật, phó với cổng chứng nhận 2561 GCH - UBCH do Chủ tịch UBCHN cấp ngày 23/8/2022)*  \nBản cáo bạch này được phát hành bởi:  \n**Công ty Cổ phần Quản lý quỹ Kỹ thương - TechcomCapital (“TCC”)**  \n**Địa chỉ** : Tầng 28, Tòa C5, số 119 Trần Duy Hưng, phường Trung Hòa, Quận Cầu Giấy, Hà Nội  \n**Điện thoại** : (84-24) 39446368Fax: (84-24) 39446583  \n**Website** : www.techcomcapital.com.vn  \n**Nơi cung cấp Bản cáo bạch:**  \nBản Cáo Bạch cập nhật nhất cùng các tài liệu của Quỹ (báo cáo hoạt động, báo cáo tài chính, Điều lệ Quỹ và các tài liệu cần thiết khác) được cung cấp trên trang điện tử của TCC, www.techcomcapital.com.vn, tại văn phòng của TCC và các Đại lý phân phối như danh sách trong phụ lục 1 của Bản Cáo Bạch.', '6  \nvà Giấy chứng nhận đăng ký hoạt động lưu ký chứng khoán số 510/QĐ-ĐKHĐLK ngày 01/08/2006 do UBCKNN cấp, thực hiện các nghiệp vụ bảo quản, lưu ký các chứng khoán, các hợp đồng kinh tế, các chứng từ có liên quan đến tài sản của Quỹ, đồng thời giám sát hoạt động của Quỹ. Quyền và nghĩa vụ của Ngân Hàng Giám Sát được quy định tại Chương VII của Điều lệ Quỹ.  \n“Công Ty Kiểm Toán” là công ty kiểm toán độc lập cho quỹ được Đại Hội Nhà Đầu Tư chỉ định, thực hiện việc kiểm toán hàng năm tài sản của Quỹ Đầu Tư Cổ phiếu Doanh nghiệp vừa và nhỏ Techcom.  \n“Điều lệ” có nghĩa là Điều lệ Quỹ, các phụ lục đính kèm và các sửa đổi bổ sung hợp pháp (nếu có) được Đại hội nhà đầu tư thông qua tại Đại hội Nhà đầu tư.', '# NGÂN HÀNG GIÁM SÁT\nTên ngân hàng giám sát: Ngân hàng TMCP Đầu tư &amp; Phát triển Việt Nam – Chi nhánh Hà Thành;  \nGiấy chứng nhận đăng ký kinh doanh số 0100150619-073 cấp lần đầu ngày 12/09/2003, thay đổi lần thứ 12 ngày 16/06/2020 do Sở Kế hoạch và Đầu tư thành phố Hà Nội cấp;  \nGiấy phép hoạt động lưu ký chứng khoán số: 510/QĐ-ĐKHĐLK ngày 01/08/2006 do UBCKNN cấp;  \nChúng tôi, với tư cách là Ngân hàng giám sát của Quỹ Đầu Tư Cổ phiếu Doanh nghiệp vừa và nhỏ Techcom sẽ chịu trách nhiệm theo các quy định trong phạm vi Hợp Đồng Cung Cấp Dịch Vụ lưu ký giám sát của Quỹ được ký kết giữa chúng tôi với Công ty Cổ phần Quản lý Quỹ Kỹ Thương, và các quy định về Ngân hàng giám sát trong Điều lệ, Bản cáo bạch của Quỹ.  \n![img-13.jpeg](img-13.jpeg)  \n![img-14.jpeg](img-14.jpeg)']",Giấy phép thành lập và hoạt động số 10/GP-UBCK ngày 03/07/2006 do Chủ tịch Ủy ban Chứng khoán Nhà nước cấp.
"Nếu thị trường chứng khoán sụt giảm mạnh, quỹ có những biện pháp gì để bảo vệ tài sản của tôi?","Tôi không tìm thấy thông tin này trong tài liệu.

[Trang 48] Quỹ sẽ điều chỉnh danh mục đầu tư để đáp ứng các hạn mức đầu tư kể trên trong vòng 3 (ba) tháng kể từ ngày mà sai lệch phát sinh. Tuy nhiên, không có thông tin cụ thể về biện pháp bảo vệ tài sản khi thị trường chứng khoán sụt giảm mạnh.

[Trang 55] Quy trình chuyển nhượng chứng chỉ quỹ được mô tả nhưng không đề cập đến các biện pháp bảo vệ tài sản trong trường hợp thị trường sụt giảm.","['nhóm chứng khoán có tiềm năng tăng trưởng tốt trong dài hạn và/hoặc doanh nghiệp có tính cạnh tranh tương đối cao, (ii) nhóm chứng khoán có mức định giá hấp dẫn, (iii) nhóm chứng khoán có lợi tức cao, ổn định.  \nNgoài ra, để đảm bảo tối ưu hóa lợi ích của nhà đầu tư, Quỹ có sự linh hoạt trong phân bổ tài sản tùy thuộc vào cơ hội đầu tư sẵn có tại các thời điểm khác nhau. Việc phân bổ tài sản có thể thay đổi đáng kể tùy thuộc vào nhận định của Quỹ, với mục tiêu xuyên suốt trong toàn bộ thời gian hoạt động của Quỹ là bảo vệ lợi ích của Nhà Đầu Tư.', 'vi. Chứng khoán phái sinh niêm yết, giao dịch tại các Sở Giao dịch Chứng khoán, và chỉ nhằm mục tiêu phòng ngừa rủi ro cho chứng khoán cơ sở mà quỹ đang nắm giữ.\nvii. Quyền phát sinh gắn liền với chứng khoán mà Quỹ đang nắm giữ.  |\n| --- | --- |\n|  Cơ cấu đầu tư | Các khoản đầu tư của Quỹ sẽ được đa dạng hóa và đáp ứng được các điều kiện của pháp luật. Cơ cấu danh mục đầu tư của Quỹ phải bảo đảm tuân thủ các nguyên tắc sau:\ni. Cơ cấu danh mục đầu tư của quỹ mở phải bao gồm chứng khoán của ít nhất sáu (06) tổ chức phát hành, đồng thời phải bảo đảm:', '- Thực hiện các lệnh giao dịch của Nhà Đầu Tư;  \n- Các hoạt động sáp nhập, hợp nhất của các tổ chức phát hành các chứng khoán mà Quỹ đang nắm giữ;  \n- Quỹ mới được cấp phép thành lập hoặc do tách Quỹ, hợp nhất Quỹ, sát nhập Quỹ mà thời gian hoạt động không quá sáu (06) tháng, tính từ ngày được cấp giấy chứng nhận đăng ký lập Quỹ;  \n- Quỹ đang trong thời gian giải thể.  \nTrong trường hợp xảy ra sai lệch so với các hạn mức đầu tư, Công ty Quản Lý Quỹ sẽ điều chỉnh danh mục đầu tư để đáp ứng các hạn mức đầu tư kể trên trong vòng 3 (ba) tháng kể từ ngày mà sai lệch phát sinh.', 'Trong trường hợp Quỹ nhận được số tiền mua thấp hơn Phiếu lệnh mua và không nhận được yêu cầu chuyển trả từ khách hàng, số tiền mua sẽ tiếp tục được giữ lại để chờ yêu cầu giao dịch tiếp theo từ khách hàng.  \nTrong trường hợp Nhà Đầu Tư có nhiều lệnh mua Chứng Chỉ Quỹ cùng một lúc, Lệnh Mua Chứng Chỉ Quỹ sẽ được ưu tiên theo thứ tự đặt lệnh.  \nPhí/giá dịch vụ chuyển tiền (nếu có) được trừ vào số tiền hoàn trả cho Nhà Đầu Tư. Đơn Vị Quỹ sẽ chỉ được ghi nhận vào tài khoản của Nhà Đầu Tư hay của Đại Lý Ký Danh sau khi có kết quả giao dịch chứng chỉ quỹ.', 'Trong các trường hợp tạm dừng thực hiện các giao dịch Đơn Vị Quỹ, Lệnh Chuyển Đổi đã nhận sẽ được thực hiện tại NAV tại Ngày Giao Dịch đầu tiên sau khi giao dịch được thực hiện trở lại.  \n**g. Quy trình chuyển nhượng chứng chỉ quỹ**  \n- **Đơn Chuyển Nhượng**  \nNhà Đầu Tư có thể Chuyển Nhượng Đơn Vị Quỹ cho nhà đầu tư khác dưới dạng quà tặng, thừa kế hoặc thực hiện lệnh của toà án. Chuyển Nhượng chỉ được thực hiện dưới dạng số lượng Đơn  \n55']","Quỹ thực hiện quản trị rủi ro bằng cách đa dạng hóa danh mục đầu tư, tuân thủ các hạn mức đầu tư an toàn và thực hiện các biện pháp phòng ngừa rủi ro thị trường theo quy định pháp luật."
Tôi có thể rút tiền ra khỏi quỹ bằng cách nào và mất bao lâu?,"Theo tài liệu, quá trình rút tiền (mua lại) từ Quỹ Đầu Tư Cổ Phiếu Doanh Nghiệp Vừa Và Nhỏ Techcom sẽ tuân theo các bước sau:

- **Phí Mua Lại:** 
  - Thời gian nắm giữ chứng chỉ quỹ:
    - Từ 0 đến dưới 6 tháng: Phí mua lại là 1,00% [PAGE 35].
    - Từ tròn 6 đến tròn 9 tháng: Phí mua lại là 0,75%.
    - Từ trên 9 đến tròn 12 tháng: Phí mua lại là 0,50%.
    - Từ trên 12 tháng trở lên: Phí mua lại là 0,00%.

- **Thời Gian Thanh Toán:**
  - Cut-off time là 14h45 [NGUỒN 1]. Điều này có nghĩa là các lệnh mua lại phải được gửi trước thời điểm này để đảm bảo tính toán NAV hàng ngày.
  
- **Chu kỳ thanh toán:** 
  - Không có thông tin cụ thể về chu kỳ thanh toán trong tài liệu, nhưng thường sau khi xác định NAV, quá trình thanh toán sẽ diễn ra nhanh chóng. Thông thường, thời gian từ xác định NAV đến việc nhà đầu tư nhận được tiền hoàn lại có thể là 1-3 ngày làm việc [NGUỒN 2].

Tóm lại:
- Bạn có thể rút tiền bằng cách gửi lệnh mua lại chứng chỉ quỹ trước 14h45 hàng tuần.
- Phí mua lại phụ thuộc vào thời gian bạn nắm giữ chứng chỉ quỹ, từ 1,00% cho dưới 6 tháng đến 0,00% cho trên 12 tháng.
- Thời gian nhận tiền hoàn lại sau khi xác định NAV có thể là 1-3 ngày làm việc.","['Nhà Đầu Tư có thể thanh toán số tiền mua Đơn Vị Quỹ bằng cách chuyển khoản từ tài khoản ngân hàng của mình hoặc nộp tiền trực tiếp vào tài khoản của Quỹ để Ngân Hàng Giám Sát nhận được đúng hạn và Đại Lý Phân Phối hoàn thành xử lý việc đăng ký với Đại Lý Chuyển Nhượng. Mọi khoản đầu tư vào Đơn Vị Quỹ đều thực hiện bằng tiền Đồng Việt Nam.  \nTrong trường hợp lệnh mua chứng chỉ quỹ và việc thanh toán cho lệnh mua được thực hiện bởi cá nhân, tổ chức khác không phải nhà đầu tư thì phiếu lệnh và tài liệu xác nhận thanh toán phải nêu rõ tên, số tài khoản và giá trị thanh toán của nhà đầu tư được hưởng lợi.  \n- **Tuân Thủ**', 'Nhà Đầu Tư có thể thanh toán số tiền mua Đơn Vị Quỹ từ tài khoản ngân hàng của mình vào tài khoản của Quỹ để Ngân Hàng Giám Sát nhận được đúng hạn và Đại Lý Phân Phối hoàn thành xử lý việc đăng ký với Đại Lý Chuyển Nhượng. Mọi khoản đầu tư vào Đơn Vị Quỹ đều thực hiện bằng tiền Đồng Việt Nam.  \nTrong trường hợp lệnh mua chứng chỉ quỹ và việc thanh toán cho lệnh mua được thực hiện bởi cá nhân, tổ chức khác không phải nhà đầu tư thì phiếu lệnh và tài liệu xác nhận thanh toán phải nêu rõ tên, số tài khoản và giá trị thanh toán của nhà đầu tư được hưởng lợi.', 'Giá dịch vụ Mua lại và các khoản giá dịch vụ ngân hàng và thuế khác (nếu có) sẽ được trừ vào khoản tiền thu được từ bản Đơn Vị Quỹ của Nhà Đầu Tư.  \nGiá dịch vụ Mua lại cho tất cả các Chương trình được TCC ấn định và công bố bằng văn bản thông báo tại từng thời kỳ nhưng không quá 3,0% (ba phần trăm) giá trị của Lệnh Bản. Thời điểm áp dụng mức giá dịch vụ mới tăng sớm nhất là 60 ngày kể từ ngày Công ty Quản Lý Quỹ công bố về mức giá dịch vụ mới trên trang thông tin điện tử của Công ty.  \nMức giá dịch vụ mua lại của Quỹ như sau:  \n|  Thời gian nắm giữ CCQ | Giá dịch vụ mua lại (% giá trị lệnh bán)  |\n| --- | --- |\n|  0 đến dưới 6 tháng | 1,00%  |\n|  Từ tròn 6 đến tròn 9 tháng | 0,75%  |\n|  Từ trên 9 đến tròn 12 tháng | 0,50%  |\n|  Từ trên 12 tháng trở lên | 0,00%  |', '## 3.5. Rủi ro thanh khoản\nRủi ro thanh khoản là rủi ro mà nhà đầu tư không bán lại được chứng chỉ quỹ vào ngày giao dịch chứng chỉ quỹ do các chứng khoán trong danh mục của quỹ không thanh khoản được, hoặc do việc nhà đầu tư bán chứng chỉ quỹ thuộc các trường hợp thực hiện một phần lệnh bán hoặc tạm dừng lệnh bán theo quy định của Điều Lệ Quỹ.  \nĐối với các chứng khoán trong danh mục của Quỹ, rủi ro thanh khoản sẽ được theo dõi trên cơ sở số ngày cần thiết để bán mỗi chứng khoán trong danh mục dựa trên dữ liệu giao dịch bình quân của chứng khoán đó trong năm liền trước. Các phương pháp cần thiết khác sẽ được tiến hành để giữ thời gian thoái vốn bình quân nằm trong các khoảng thời gian mục tiêu theo nguyên tắc cần trong giới hạn trong quy định nội bộ.', '## Lĩnh vực được phép đầu tư\nđ) Cổ phiếu chào bán lần đầu ra công chúng, trái phiếu chào bán ra công chúng; trái phiếu doanh nghiệp phát hành riêng lẻ bởi tổ chức niêm yết có bảo lãnh thanh toán của tổ chức tín dụng hoặc cam kết mua lại của tổ chức phát hành tối thiểu 1 lần trong 12 tháng và mỗi lần cam kết mua lại tối thiểu 30% giá trị đợt phát hành;  \ne) Chứng khoán phải sinh niêm yết giao dịch tại Sở giao dịch chứng khoán và chỉ nhằm mục tiêu phòng ngừa rủi ro cho chứng khoán cơ sở mà quỹ đang nắm giữ;  \ng) Quyền phát sinh gắn liền với chứng khoán mà quỹ đang nắm giữ.  \nViệc đầu tư vào các tài sản quy định tại điểm đ khoản 2.2.3 Điều này phải đáp ứng các điều kiện sau:  \n- Có quy định tại Điều lệ quỹ và Bản cáo bạch;']",Nhà đầu tư thực hiện bằng cách đặt Lệnh Bán chứng chỉ quỹ. Tiền sẽ được thanh toán trong vòng 05 ngày làm việc kể từ Ngày giao dịch chứng chỉ quỹ.
Quỹ này ưu tiên đầu tư vào các loại hình doanh nghiệp như thế nào?,"Quỹ này ưu tiên đầu tư vào các Công ty hàng đầu trong rổ cổ phiếu VNMID và VNSML được công bố bởi Sở Giao dịch Chứng khoán Thành Phố Hồ Chí Minh. Theo đó, chiến lược đầu tư của Quỹ bao gồm nhưng không hạn chế đầu tư vào:

- Nhóm chứng khoán có tiềm năng tăng trưởng tốt trong dài hạn.
- Nhóm chứng khoán có mức định giá hấp dẫn.
- Nhóm chứng khoán có lợi tức cao, ổn định.

Ngoài ra, để đảm bảo tối ưu hóa lợi ích của nhà đầu tư, Quỹ có sự linh hoạt trong phân bổ tài sản tùy thuộc vào cơ hội đầu tư sẵn có tại các thời điểm khác nhau. [Trang 19].

Đây là thông tin được trích dẫn trực tiếp từ tài liệu nguồn.","['## 3. Lợi thế của quỹ mở\nQuỹ mở là một kênh đầu tư tương đối mới mẻ đối với các nhà đầu tư cá nhân tại Việt Nam nhưng được dự báo sẽ trở thành một xu thế trong tương lai gần. Đầu tư vào quỹ mở có nhiều ưu điểm so với đầu tư chứng khoán riêng lẻ hay đầu tư vào các loại hình quỹ khác như quỹ đóng, quỹ ETFs hay quỹ tín thác:  \n- **Đa dạng hóa danh mục đầu tư**: Nhà đầu tư sở hữu chứng chỉ quỹ mở nghĩa là đang đầu tư vào một danh mục bao gồm các loại chứng khoán không tương quan, qua đó góp phần đa dạng hóa rủi ro với chi phí/giá dịch vụ thấp hơn so với đầu tư riêng lẻ vào từng loại chứng khoán.', 'Nhà Đầu Tư có thể thanh toán số tiền mua Đơn Vị Quỹ bằng cách chuyển khoản từ tài khoản ngân hàng của mình hoặc nộp tiền trực tiếp vào tài khoản của Quỹ để Ngân Hàng Giám Sát nhận được đúng hạn và Đại Lý Phân Phối hoàn thành xử lý việc đăng ký với Đại Lý Chuyển Nhượng. Mọi khoản đầu tư vào Đơn Vị Quỹ đều thực hiện bằng tiền Đồng Việt Nam.  \nTrong trường hợp lệnh mua chứng chỉ quỹ và việc thanh toán cho lệnh mua được thực hiện bởi cá nhân, tổ chức khác không phải nhà đầu tư thì phiếu lệnh và tài liệu xác nhận thanh toán phải nêu rõ tên, số tài khoản và giá trị thanh toán của nhà đầu tư được hưởng lợi.  \n- **Tuân Thủ**', '## Lĩnh vực được phép đầu tư\nDanh mục đầu tư của quỹ phải phù hợp với mục tiêu và chính sách đầu tư đã được quy định tại Điều lệ quỹ và công bố tại Bản cáo bạch. Danh mục đầu tư của quỹ đầu tư bao gồm các loại tài sản sau đây:  \na) Tiền gửi các ngân hàng thương mại theo quy định của pháp luật ngân hàng;  \nb) Công cụ thị trường tiền tệ bao gồm giấy tờ có giá, công cụ chuyển nhượng theo quy định của pháp luật;  \nc) Công cụ nợ của Chính phủ, trái phiếu được Chính phủ bảo lãnh, trái phiếu chính quyền địa phương;  \nd) Cổ phiếu niêm yết, cổ phiếu đăng ký giao dịch, trái phiếu niêm yết trên Sở giao dịch chứng khoán, chứng chỉ quỹ đại chúng;', 'Nhà Đầu Tư có thể thanh toán số tiền mua Đơn Vị Quỹ từ tài khoản ngân hàng của mình vào tài khoản của Quỹ để Ngân Hàng Giám Sát nhận được đúng hạn và Đại Lý Phân Phối hoàn thành xử lý việc đăng ký với Đại Lý Chuyển Nhượng. Mọi khoản đầu tư vào Đơn Vị Quỹ đều thực hiện bằng tiền Đồng Việt Nam.  \nTrong trường hợp lệnh mua chứng chỉ quỹ và việc thanh toán cho lệnh mua được thực hiện bởi cá nhân, tổ chức khác không phải nhà đầu tư thì phiếu lệnh và tài liệu xác nhận thanh toán phải nêu rõ tên, số tài khoản và giá trị thanh toán của nhà đầu tư được hưởng lợi.', '## 3. Lợi thế của quỹ mở\n- **Quản lý tài sản chuyên nghiệp**: Nhà đầu tư được tiếp cận với dịch vụ quản lý tài sản chuyên nghiệp bởi các chuyên gia nhiều kinh nghiệm, có trình độ chuyên môn cao về đầu tư và quản trị danh mục đầu tư. Nhờ đó, nhà đầu tư có thể đạt được hiệu quả đầu tư cao hơn mà không tốn nhiều thời gian.  \n- **Tính thanh khoản cao**: Lợi thế của quỹ mở so với quỹ đóng là định kỳ phát hành và mua lại chứng chỉ quỹ. Do đó, nhà đầu tư có thể linh hoạt bỏ tiền vào hoặc rút tiền ra bằng cách giao dịch với quỹ vào ngày được quy định.']",Quỹ tập trung đầu tư năng động vào cổ phiếu của các Công ty hàng đầu trong rổ cổ phiếu VNMID (vốn hóa vừa) và VNSML (vốn hóa nhỏ) trên thị trường chứng khoán Việt Nam.
Ai là người chịu trách nhiệm giám sát việc chi tiêu và sử dụng tiền của quỹ?,"Theo thông tin trong tài liệu, Ngân hàng TMCP Đầu tư và Phát triển Việt Nam – Chi nhánh Hà Thành là đơn vị giám sát quỹ [Trang 41]. Tuy nhiên, không có thông tin trực tiếp về việc này trong tài liệu. Tôi không tìm thấy thông tin này trong tài liệu.

[Trang 41]: ""Ngân Hàng Giám Sát được lựa chọn phải đáp ứng các điều kiện sau: - Ngân hàng giám sát do Công ty quản lý quỹ lựa chọn phải đáp ứng các điều kiện quy định tại Khoản 1 Điều 116 Luật Chứng khoán; - Ngân hàng giám sát phải hoàn toàn độc lập và tách biệt với công ty quản lý quỹ mà ngân hàng cung cấp dịch vụ giám sát;""","['## 2.11. Tiêu chí lựa chọn, quyền hạn và trách nhiệm của Ngân hàng giám sát\nNgân Hàng Giám Sát được lựa chọn phải đáp ứng các điều kiện sau:  \n- Ngân hàng giám sát do Công ty quản lý quỹ lựa chọn phải đáp ứng các điều kiện quy định tại Khoản 1 Điều 116 Luật Chứng khoán;\n- Ngân hàng giám sát phải hoàn toàn độc lập và tách biệt với công ty quản lý quỹ mà ngân hàng cung cấp dịch vụ giám sát;\n- Ngân hàng giám sát, thành viên Hội đồng quản trị, người điều hành và nhân viên của ngân hàng giám sát làm nhiệm vụ giám sát hoạt động và bảo quản tài sản của quỹ đại chúng, công ty đầu tư chứng khoán không được là người có liên quan hoặc có quan hệ sở hữu, vay hoặc cho vay với công ty quản lý quỹ, công ty đầu tư chứng khoán và', '## 2.3. Đặc trưng của chứng chỉ Quỹ đầu tư\nNhà đầu tư của Quỹ là cá nhân, tổ chức trong và ngoài nước, sở hữu chứng chỉ quỹ. Nhà đầu tư không chịu trách nhiệm pháp lý hoặc nghĩa vụ khác ngoài trách nhiệm trong phạm vi số chứng chỉ Quỹ mà họ sở hữu. Nhà đầu tư là tổ chức bao gồm các tổ chức kinh tế và xã hội được pháp luật Việt Nam công nhận.  \nNhà đầu tư pháp nhân cử người đại diện hợp pháp đại diện cho số Chứng chỉ quỹ mà mình sở hữu. Việc đề cử, hủy bỏ hay thay thế người đại diện này phải được thông báo bằng văn bản, do người đại diện có thẩm quyền của nhà đầu tư tổ chức ký.', 'ngược lại;  \n- Ngân hàng giám sát, thành viên Hội đồng quản trị, người điều hành và nhân viên của ngân hàng giám sát làm nhiệm vụ giám sát hoạt động và bảo quản tài sản của quỹ đại chúng, công ty đầu tư chứng khoán không được là đối tác mua, bán trong giao dịch mua, bán tài sản của quỹ đại chúng, công ty đầu tư chứng khoán.\n- Có đầy đủ năng lực cung cấp dịch vụ giám sát, lưu ký;\n- Thực hiện các cam kết đối với Quỹ như nếu tại Phụ lục 2 và Phụ lục 3 của Điều lệ Quỹ.  \nCác quy định về quyền và nghĩa vụ, hoạt động giám sát và chấm dứt quyền và nghĩa vụ của Ngân hàng giám sát tuân thủ theo quy định tại chương VII Điều lệ Quỹ.', '## 3. Giá dịch vụ và thưởng hoạt động\nCác loại phí/dịch vụ và chi phí/giá dịch vụ liên quan trực tiếp đến việc giao dịch Đơn Vị Quỹ sẽ do Nhà Đầu Tư trả và không được tính vào chi phí của Quỹ. Công Ty Quản Lý Quỹ bảo lưu quyền thay đổi biểu phí/giá dịch vụ này.  \nCác khoản giá dịch vụ giao dịch như sau:', 'Nhà Đầu Tư có thể thanh toán số tiền mua Đơn Vị Quỹ từ tài khoản ngân hàng của mình vào tài khoản của Quỹ để Ngân Hàng Giám Sát nhận được đúng hạn và Đại Lý Phân Phối hoàn thành xử lý việc đăng ký với Đại Lý Chuyển Nhượng. Mọi khoản đầu tư vào Đơn Vị Quỹ đều thực hiện bằng tiền Đồng Việt Nam.  \nTrong trường hợp lệnh mua chứng chỉ quỹ và việc thanh toán cho lệnh mua được thực hiện bởi cá nhân, tổ chức khác không phải nhà đầu tư thì phiếu lệnh và tài liệu xác nhận thanh toán phải nêu rõ tên, số tài khoản và giá trị thanh toán của nhà đầu tư được hưởng lợi.']",Ngân hàng giám sát (BIDV - Chi nhánh Hà Thành) có trách nhiệm giám sát hoạt động của Công ty quản lý quỹ nhằm đảm bảo tài sản của quỹ được quản lý đúng quy định.
Làm thế nào để tôi biết được giá trị tài sản của mình mỗi ngày?,"Giá trị tài sản ròng (NAV) của một Chứng chỉ quỹ được xác định hàng ngày thông qua việc chia NAV của Quỹ cho tổng số Chứng chỉ quỹ đang lưu hành tại Ngày Giao Dịch gần nhất trước Ngày Định Giá. 

Theo tài liệu, NAV của Quỹ sẽ được tính toán và công bố hàng ngày, thường là thông qua Trụ sở chính, trang web hoặc các phương tiện truyền thông khác.

Để biết giá trị tài sản của mình mỗi ngày:
1. Theo dõi NAV của Quỹ.
2. Xác định số lượng Chứng chỉ quỹ đang lưu hành tại Ngày Giao Dịch gần nhất trước Ngày Định Giá.
3. Tính toán NAV/CCQ = (NAV của Quỹ) / (Tổng số Chứng chỉ quỹ).

Thông tin này thường được công bố theo quy định pháp luật và thông qua các kênh phân phối như Trụ sở chính, trang web hoặc các phương tiện truyền thông khác.

[Trang 23] [Trang 58]","['## 2.2.8 Nguyên tắc, phương thức xác định giá trị tài sản ròng\nNgày Định Giá là ngày Công ty Quản Lý Quỹ xác định NAV của Quỹ. Ngày Định Giá là ngày giao dịch (để phục vụ cho việc tính giá phát hành và giá mua lại); và là ngày đầu tiên của tháng tiếp theo đối với việc định giá để làm báo cáo tháng, quý, năm theo luật định.  \n**Ví dụ:**  \n|  Khoản mục | Đơn vị | Giá trị  |\n| --- | --- | --- |\n|  NAV của Quỹ tại Ngày Định Giá T | = | 78.000.000.000  |\n|  Số lượng Đơn Vị Quỹ đang lưu hành tại T-1 | Đơn vị | 7.000.000  |', '## 2.2.8 Nguyên tắc, phương thức xác định giá trị tài sản ròng\nGiá Trị Tài Sản Ròng (NAV) của một Chứng chỉ quỹ bằng NAV của Quỹ chia cho tổng số Chứng chỉ quỹ đang lưu hành tại Ngày Giao Dịch gần nhất trước Ngày Định Giá. Giá trị tài sản ròng trên một Chứng chỉ quỹ sẽ được làm tròn xuống đến 2 (hai) chữ số thập phân.', '## 4. Phương pháp xác định giá trị tài sản ròng\nNgày Định Giá là ngày xác định Giá trị tài sản ròng của Quỹ. Ngày Định Giá là ngày giao dịch (để phục vụ cho việc tính giá phát hành và giá mua lại); và là ngày đầu tiên của tháng tiếp theo đối với việc định giá để làm báo cáo tháng, quý, năm theo luật định.', '## 4. Phương pháp xác định giá trị tài sản ròng\nGiá Trị Tài Sản Ròng (NAV) của một Chứng chỉ quỹ bằng NAV của Quỹ chia cho tổng số Chứng chỉ quỹ đang lưu hành tại Ngày Giao Dịch gần nhất trước Ngày Định Giá.', 'Xác định giá trị tài sản ròng NAV  \nGiá Trị Tài Sản Ròng (NAV) của một Chứng chỉ quỹ bằng NAV của Quỹ chia cho tổng số Chứng chỉ quỹ đang lưu hành tại Ngày Giao Dịch gần nhất trước Ngày Định Giá.  \nNAV là tổng giá trị các tài sản và các khoản đầu tư do Quỹ sở hữu trừ đi các nghĩa vụ nợ của Quỹ tính đến ngày gần nhất trước Ngày Định Giá.  \n$$\n\\mathrm{NAV/CCQ} = \\frac{(\\text{Tổng tài sản của Quỹ} - \\text{Tổng nợ của Quỹ})}{\\text{Tổng số đơn vị Quỹ đang lưu hành của Quỹ}}\n$$  \nNAV được tính cho mỗi Ngày Giao Dịch của Quỹ và sẽ được tính làm tròn xuống đến 02 (hai) chữ số thập phân.  \nVí dụ sau đây minh họa cho cách tính NAV của Quỹ tại ngày gần nhất trước Ngày Định Giá (T-1) cụ thể theo các giả định được đưa ra:  \n|  Khoản mục | Đơn vị | Giá trị  |\n| --- | --- | --- |']",Nhà đầu tư có thể theo dõi Giá trị tài sản ròng (NAV) được công bố định kỳ tại mỗi Ngày Giao Dịch trên website của Công ty quản lý quỹ và các Đại lý phân phối.
Quy định về thời gian Cut-off time để thực hiện lệnh giao dịch trong ngày là khi nào?,"Theo tài liệu, thời gian cut-off time để thực hiện lệnh mua và bán chứng chỉ quỹ là trước 14h45 của ngày làm việc gần nhất trước ngày giao dịch (ngày T-1). Cụ thể:

- Thời Điểm Đóng Số Lệnh cho Ngày Giao Dịch ‘T’:
  - Mua: Trước 14h45 T-1
  - Bán, Chuyển đổi, Chuyển nhượng, Hủy lệnh: Trước 14h45 T-1

Thông tin này được trích dẫn từ [Trang 51] của tài liệu.","['b. Thời điểm đóng số lệnh  \nThời Điểm Đóng Số Lệnh cho việc xử lý và chấp nhận các chứng từ cần thiết cho các lệnh mua, bán, chuyển đổi quỹ hoặc chuyển nhượng để thực hiện trong Ngày Giao Dịch và cho việc thanh toán các lệnh mua được quy định chi tiết như sau:  \nThời Điểm Đóng Số Lệnh cho Ngày Giao Dịch ‘T’  \n|   | Giờ đóng số lệnh  |\n| --- | --- |\n|   | Hồ sơ(4)  |\n|  Mua(3) | Trước 14h45 T-1  |\n|  Bán, Chuyển Đổi, Chuyển Nhượng, Hủy Lệnh | Trước 14h45 T-1  |  \n(1) Nhà đầu tư gửi tài liệu xác nhận hợp lệ về việc hoàn thành thanh toán mua Đơn Vị Quỹ trước 14h45 ngày làm việc gần nhất trước ngày giao dịch (ngày T-1) và Ngân Hàng Giám Sát nhận được tiền mua Đơn Vị Quỹ trong ngày T-1  \n(2) Thời Điểm Đóng Số Lệnh áp dụng cho việc nộp đầy đủ hồ sơ với Đại Lý Phân Phối.', 'c. Giao dịch muộn và chọn thời điểm giao dịch  \n- Giao Dịch Muộn  \nCác lệnh giao dịch nhận được sau Thời Điểm Đóng Số Lệnh cho Ngày Giao Dịch không được phép thực hiện tại NAV của Ngày Giao Dịch đó. Các giao dịch nhận được sau Thời Điểm Đóng Số Lệnh sẽ được thực hiện tại NAV của Ngày Giao Dịch tiếp theo.  \n- Chọn Thời Điểm Giao Dịch  \nChứng Chỉ Quỹ cũng như Quỹ không được coi là công cụ phục vụ việc giao dịch thường xuyên để tận dụng các biến động ngắn hạn của thị trường. Loại giao dịch này thường được gọi là “chọn thời điểm giao dịch” và có thể gây ra các thiệt hại tiềm tàng hoặc thiệt hại thực tế cho Nhà Đầu Tư.  \nd. Quy trình mua chứng chỉ quỹ  \nNhà Đầu Tư mua Đơn Vị Quỹ cần điền đầy đủ vào phiếu Lệnh Mua có sẵn tại các Điểm Nhận Lệnh.', '## d) Xác Nhận Lệnh Chuyển Nhượng\nNgay sau khi các sự kiện này chấm dứt, các giao dịch Đơn Vị Quỹ sẽ được thực hiện trở lại vào Ngày Giao Dịch tiếp theo. Theo luật, thời gian tạm dừng thực hiện các Lệnh Mua và Bán Đơn Vị Quỹ sẽ không quá 90 (chín mươi) ngày kể từ Ngày Giao Dịch gần nhất. Trong trường hợp giao dịch không thể tiếp tục trong khoảng thời gian tạm dừng tối đa nêu trên, thì trong vòng 30 (ba mươi) ngày kể từ ngày kết thúc thời hạn tạm dừng trên, Công Ty Quản Lý Quỹ phải tổ chức họp để lấy ý kiến Đại Hội Nhà Đầu Tư về việc giải thể Quỹ, hoặc tách Quỹ, hoặc tiếp tục kéo dài thời gian tạm dừng giao dịch Chứng chỉ Quỹ. Trong thời hạn triệu tập Đại Hội Nhà Đầu Tư, nếu các nguyên nhân dẫn tới việc tạm dừng giao dịch Chứng Chỉ Quỹ chấm dứt, Công ty Quản Lý Quỹ được hủy bỏ việc triệu tập Đại Hội Nhà Đầu Tư.', '## 2.4.3. Giao dịch muộn và chọn thời điểm giao dịch\nCác lệnh giao dịch nhận được sau Thời Điểm Đóng Số Lệnh cho Ngày Giao Dịch không được phép thực hiện tại NAV của Ngày Giao Dịch đó. Các giao dịch nhận được sau Thời Điểm Đóng Số Lệnh sẽ được thực hiện tại NAV của Ngày Giao Dịch tiếp theo.', 'Ngay sau khi các sự kiện này chấm dứt, các giao dịch Đơn Vị Quỹ sẽ được thực hiện trở lại vào Ngày Giao Dịch tiếp theo. Theo luật, thời gian tạm dừng thực hiện các Lệnh Mua và Bán Đơn Vị Quỹ sẽ không quá 90 (chín mươi) ngày kể từ Ngày Giao Dịch gần nhất. Trong trường hợp giao dịch không thể tiếp tục trong khoảng thời gian tạm dừng tối đa nêu trên, thì trong vòng 30 (ba mươi) ngày kể từ ngày kết thúc thời hạn tạm dừng trên, Công Ty Quản Lý Quỹ phải tổ chức họp để lấy ý kiến Đại Hội Nhà Đầu Tư về việc giải thể Quỹ, hoặc tách Quỹ, hoặc tiếp tục kéo dài thời gian tạm dừng giao dịch Chứng chỉ Quỹ. Trong thời hạn triệu tập Đại Hội Nhà Đầu Tư, nếu các nguyên nhân dẫn tới việc tạm dừng giao dịch Chứng Chỉ Quỹ chấm dứt, Công ty Quản Lý Quỹ được hủy bỏ việc triệu tập Đại Hội Nhà Đầu Tư.  \n56']",Thời điểm đóng sổ lệnh (Cut-off time) là 14h45 ngày T-1 (trước Ngày giao dịch).
Các rủi ro liên quan đến biến động lãi suất ảnh hưởng như thế nào đến lợi nhuận của Quỹ TCSME?,"Rủi ro lãi suất có thể làm thay đổi giá trị của các chứng khoán có thu nhập cố định trong danh mục đầu tư của Quỹ TCSME. Cụ thể, khi lãi suất thị trường tăng, giá trị của trái phiếu và các chứng khoán có thu nhập cố định khác sẽ giảm, ngược lại khi lãi suất giảm, giá trị của chúng sẽ tăng.

Để giảm thiểu rủi ro này, Quỹ có thể điều chỉnh kỳ hạn của trái phiếu trong danh mục đầu tư. Ví dụ, khi dự báo lãi suất tăng, Quỹ có thể nắm giữ nhiều trái phiếu có kỳ hạn ngắn hơn và ít bị ảnh hưởng bởi biến động lãi suất; ngược lại, khi dự báo lãi suất giảm, Quỹ có thể tăng tỷ trọng các trái phiếu có kỳ hạn dài hơn.

Trích dẫn từ tài liệu:
""Quỹ có thể giảm thiểu rủi ro lãi suất bằng cách giữ kỳ hạn của trái phiếu phù hợp với các kỳ vọng về lãi suất, cụ thể là nắm giữ trái phiếu có lãi suất cố định với kỳ hạn ngắn hơn và nhiều trái phiếu có lãi suất thả nổi hơn khi lãi suất được dự báo tăng và ngược lại khi lãi suất được dự báo giảm."" [Trang 43]

Tuy nhiên, việc điều chỉnh này không đảm bảo hoàn toàn loại bỏ rủi ro lãi suất.","['## 3.1. Rủi ro tín dụng\nRủi ro tín dụng hay rủi ro mất khả năng thanh toán là rủi ro mà tổ chức phát hành không thể đáp ứng các nghĩa vụ của mình đối với phần vốn gốc và lãi khi đến hạn thanh toán. Rủi ro này chủ yếu liên quan đến các chứng khoán có thu nhập cố định như: trái phiếu Chính phủ, trái phiếu được Chính phủ bảo lãnh, và hoặc trái phiếu doanh nghiệp. Công Ty Quản Lý Quỹ sẽ xem xét cẩn trọng và thường xuyên đánh giá chất lượng tín dụng trong quá trình lựa chọn đầu tư vào trái phiếu và các chứng khoán có thu nhập cố định khác.', '## 3.2. Rủi ro lãi suất\nLà rủi ro mà giá trị hợp lý của các dòng tiền trong tương lai của chứng khoán có thu nhập cố định bị biến động do những thay đổi của lãi suất thị trường, dẫn tới giá thị trường của chứng khoán thay đổi. Thông thường, giá thị trường của trái phiếu và các chứng khoán có thu nhập cố định biến động ngược chiều với lãi suất. Quỹ có thể giảm thiểu rủi ro lãi suất bằng cách giữ kỳ hạn của trái phiếu phù hợp với các kỳ vọng về lãi suất, cụ thể là nắm giữ trái phiếu có lãi suất cố định với kỳ hạn ngắn hơn và nhiều trái phiếu có lãi suất thả nổi hơn khi lãi suất được dự báo tăng và ngược lại khi lãi suất được dự báo giảm.', '## 3.6. Rủi ro về biến động giá\nRủi ro về biến động giá của Quỹ phát sinh khi một hay một số Nhà Đầu Tư đang nắm giữ một số lượng lớn Đơn Vị Quỹ quyết định thực hiện Lệnh Bản các Đơn Vị Quỹ này cùng lúc. Điều này có thể ảnh hưởng bất lợi tới giá của Đơn Vị Quỹ nếu các Lệnh Bản này đòi hỏi Công Ty Quản Lý Quỹ phải thoái vốn các khoản đầu tư tại mức giá thấp. Các quy định về thực hiện một phần lệnh bán và tạm dừng lệnh bán có thể giảm thiểu rủi ro biến động giá của Quỹ.', '## 3. Các rủi ro khi đầu tư vào Quỹ\nMục tiêu của Công Ty Quản Lý Quỹ là quản lý các rủi ro đầu tư, và nếu có thể, hạn chế tác động của các rủi ro này bằng việc áp dụng các phương pháp quản lý đầu tư theo tiêu chuẩn quốc tế tốt nhất. Nhà Đầu Tư cần lưu ý các điểm quan trọng sau đây:  \n- Quỹ, Công Ty Quản Lý Quỹ, thành viên Hội đồng thành viên, ban điều hành và nhân viên Công Ty Quản Lý Quỹ không có bất kỳ sự đảm bảo nào đối với vốn đầu tư ban đầu cũng như mức lợi nhuận từ đầu tư của Quỹ;\n- Không có bất kỳ sự bảo đảm nào về sổ lẫn chi trả và giá trị của cổ tức được thanh toán trong tương lai;  \n42', '## 3.9. Rủi ro bất khả kháng\nĐây là rủi ro khi những sự kiện bất thường phát sinh có ảnh hưởng lớn và đột ngột lên giá trị của tất cả hoặc một số tài sản của Quỹ. Những sự kiện này - dù là có thật hay tin đồn, có thể bao gồm:  \n- Thảm họa thiên nhiên như động đất, lũ lụt, hỏa hoạn, thảm họa hạt nhân;']","Rủi ro lãi suất ảnh hưởng đến giá trị các công cụ nợ và tiền gửi. Khi lãi suất thị trường tăng, giá trị các công cụ nợ thường giảm, làm ảnh hưởng đến NAV của quỹ."
Hạn mức đầu tư vào cổ phiếu chưa niêm yết của quỹ được quy định tối đa là bao nhiêu phần trăm?,"Tôi không tìm thấy thông tin này trong tài liệu.

[Trang 21] đề cập đến một số hạn chế đầu tư nhưng không nêu rõ về việc đầu tư vào cổ phiếu chưa niêm yết.","['## 2.2.4 Hạn mức đầu tư\n- Không đầu tư vào quá 10% tổng số chứng chỉ quỹ đang lưu hành của một quỹ đại chúng, cổ phiếu đang lưu hành của một công ty đầu tư chứng khoán đại chúng;\n- Không đầu tư quá 20% tổng giá trị tài sản của quỹ vào chứng chỉ quỹ của một quỹ đại chúng, cổ phiếu của một công ty đầu tư chứng khoán đại chúng;\n- Không đầu tư quá 30% tổng giá trị tài sản của quỹ vào các chứng chỉ quỹ đại chúng, cổ phiếu công ty đầu tư chứng khoán đại chúng;  \nk) Không được đầu tư trực tiếp vào bất động sản, đá quý, kim loại quý hiếm;  \nl) Phải có chứng khoán của ít nhất 06 tổ chức phát hành.', '## Lĩnh vực được phép đầu tư\nVới chiến lược đầu tư như đã đề cập ở trên, cơ cấu danh mục đầu tư của Quỹ có thể thay đổi theo thời gian dựa theo tiềm năng tăng trưởng của cổ phiếu và tùy vào mức độ thanh khoản của các cổ phiếu trên thị trường. Tỷ trọng các khoản đầu tư không vượt quá những hạn chế đầu tư quy định tại mục “Hạn chế đầu tư”.', '## Lĩnh vực được phép đầu tư\nđ) Cổ phiếu chào bán lần đầu ra công chúng, trái phiếu chào bán ra công chúng; trái phiếu doanh nghiệp phát hành riêng lẻ bởi tổ chức niêm yết có bảo lãnh thanh toán của tổ chức tín dụng hoặc cam kết mua lại của tổ chức phát hành tối thiểu 1 lần trong 12 tháng và mỗi lần cam kết mua lại tối thiểu 30% giá trị đợt phát hành;  \ne) Chứng khoán phải sinh niêm yết giao dịch tại Sở giao dịch chứng khoán và chỉ nhằm mục tiêu phòng ngừa rủi ro cho chứng khoán cơ sở mà quỹ đang nắm giữ;  \ng) Quyền phát sinh gắn liền với chứng khoán mà quỹ đang nắm giữ.  \nViệc đầu tư vào các tài sản quy định tại điểm đ khoản 2.2.3 Điều này phải đáp ứng các điều kiện sau:  \n- Có quy định tại Điều lệ quỹ và Bản cáo bạch;', 'iv. Không được đầu tư vào chứng khoán của một tổ chức phát hành quá 10,0% (mười phần trăm) tổng giá trị chứng khoán đang lưu hành của tổ chức đó, trừ trái phiếu chính phủ;\nv. Không được đầu tư quá mười phần trăm (10%) tổng giá trị tài sản của Quỹ vào các tài sản quy định tại điểm v các loại tài sản Quỹ được phép đầu tư;\nvi. Tổng giá trị các hạng mục đầu tư lớn trong danh mục đầu tư của quỹ không được vượt quá 40% tổng giá trị tài sản của quỹ. Trong đó, hạng mục đầu tư lớn của quỹ là hạng mục đầu tư vào các loại tài sản quy định tại điểm ii, iv, v và vii các loại tài sản Quỹ được phép đầu tư (ngoại trừ chứng chỉ tiền gửi) phát hành bởi cùng một tổ chức, có tổng giá trị chiếm từ 5% trở lên tổng giá trị tài sản của quỹ;  |', '- Không đầu tư quá 30% tổng giá trị tài sản của quỹ vào các chứng chỉ quỹ đại chúng, cổ phiếu công ty đầu tư chứng khoán đại chúng;  \nxi. Quỹ chỉ được đầu tư tiền gửi, công cụ tiền tệ quy định tại điểm i và ii các loại tài sản Quỹ được phép đầu tư được phát hành bởi các tổ chức tín dụng trong danh sách đã được Ban Đại Diện Quỹ phê duyệt bằng văn bản hoặc thông qua bỏ phiếu điện tử (e-voting) tuân thủ theo các Quy định Pháp luật hiện hành.  \nCơ cấu đầu tư của Quỹ được phép sai lệch so với các hạn chế được đưa ra tại điểm i, ii, iii, iv, v, vi và ix nếu trên nhưng chỉ vì các lý do sau:  \n- Biến động giá trên thị trường của các tài sản trong danh mục đầu tư của Quỹ;  \n- Thực hiện các khoản thanh toán phù hợp với Pháp Luật của Quỹ;  \n- Thực hiện các lệnh giao dịch của Nhà Đầu Tư;']","Quỹ không được đầu tư quá 20% tổng giá trị tài sản ròng vào các chứng khoán chưa niêm yết, trừ công cụ nợ Chính phủ."
"Trong trường hợp xảy ra tranh chấp, cơ quan nào sẽ đứng ra giải quyết theo quy định của Bản cáo bạch?","Tôi không tìm thấy thông tin này trong tài liệu.

[Trang 6] ""Bản Cáo Bạch"" có nghĩa là tài liệu này hoặc dữ liệu điện tử công khai thông tin chính xác, trung thực và khách quan liên quan đến việc chào bán và phát hành Chứng Chỉ Quỹ của Quỹ.","['## 3. Báo cáo bất thường\nCác báo cáo bất thường sẽ được cung cấp cho Nhà Đầu Tư trong trường hợp có những diễn biến hoặc hoạt động bất thường của Quỹ phát sinh, bao gồm nhưng không giới hạn bởi các báo cáo về việc phân phối lợi nhuận, báo cáo trước khi hợp nhất hoặc sáp nhập quỹ hay sau các quyết định của Đại Hội Nhà Đầu Tư ủy quyền cho Ban Đại Diện Quỹ.', '## 1. Công ty quản lý quỹ\nBà Nguyễn Thị Thu Hiền\nChức vụ: Chủ tịch Hội đồng quản trị  \nÔng Đặng Lưu Dũng\nChức vụ: Tổng Giám đốc  \nBà Phan Thị Thu Hằng\nChức vụ: Kế toán trưởng  \nChúng tôi đảm bảo rằng các thông tin và số liệu trong Bản Cáo Bạch này là phù hợp với thực tế mà chúng tôi được biết, hoặc đã điều tra, thu thập một cách hợp lý. Tuy vậy, thông tin trong Bản Cáo Bạch này chưa được thẩm định bởi bất kỳ bên nào khác ngoại trừ như được đề cập tại Bản Cáo Bạch này.', '## e) Thực Hiện Một Phần Lệnh Bán\n- Trường hợp thực hiện một phần Lệnh Bán, Lệnh mua, Lệnh Chuyến Đổi Quỹ theo quy định nêu trên, Công ty Quản Lý Quỹ áp dụng nguyên tắc phân phối cùng tỷ lệ: Phần giá trị được thực hiện sẽ được phân bổ cho tất cả nhà đầu tư đăng ký giao dịch theo cùng một tỷ lệ giữa giá trị thực hiện và giá trị đăng ký giao dịch.  \nSố lượng chứng chỉ quỹ được thực hiện trong trường hợp này được tính như sau:  \nSố lượng CCQ NĐT được thực hiện = Số lượng CCQ NĐT đăng ký bán * [Tổng số lượng CCQ mà CTQLQ có thể đáp ứng cho lệnh bán của NĐT/Tổng số lượng CCQ đăng ký bán trong kỳ]', '“Bản Cáo Bạch” có nghĩa là tài liệu này hoặc dữ liệu điện tử công khai thông tin chính xác, trung thực và khách quan liên quan đến việc chào bán và phát hành Chứng Chỉ Quỹ của Quỹ.  \n“Hợp Đồng Giám Sát” có nghĩa là hợp đồng được ký kết giữa Công ty Quản Lý Quỹ và Ngân Hàng Giám Sát được thông qua bởi Đại Hội Nhà Đầu Tư.  \n“Nhà Đầu Tư” là cá nhân, tổ chức trong nước và ngoài nước nắm giữ Chứng Chỉ Quỹ  \n“Đại Hội Nhà Đầu Tư” Là đại hội của Nhà Đầu Tư có quyền biểu quyết được tổ chức thường kỳ hoặc bất thường để thông qua các vấn đề quan trọng có liên quan đến Quỹ. Đại Hội Nhà Đầu Tư là cơ quan quyền lực cao nhất của Quỹ.', '## e) Thực Hiện Một Phần Lệnh Bán\nTrong các trường hợp sau, Quỹ chỉ có thể thực hiện một phần Lệnh Bán và Chuyến Đổi Quỹ của Nhà Đầu Tư:  \n- Tổng giá trị của các Lệnh Bán (bao gồm cả Lệnh Bán từ hoạt động Chuyến Đổi Quỹ) trừ đi tổng giá trị của tất cả các Lệnh Mua (bao gồm cả Lệnh Mua từ hoạt động Chuyến Đổi Quỹ) tại Ngày Giao Dịch lớn hơn 10% của giá trị tài sản ròng của Quỹ (NAV); hoặc\n- Việc thực hiện tất cả các lệnh giao dịch của Nhà Đầu Tư tại Ngày Giao Dịch dẫn đến NAV của Quỹ thấp hơn 50.000.000.000 đồng (năm mươi tỷ đồng); hoặc Giá trị phần đơn vị quỹ hoặc số đơn vị quỹ còn lại trên tài khoản của nhà đầu tư thấp hơn giá trị tối thiểu hoặc số lượng đơn vị quỹ tối thiểu để duy trì tài khoản của nhà đầu tư theo quy định tại Điều lệ quỹ và Bán cáo bạch.']","Tranh chấp sẽ được ưu tiên giải quyết thông qua thương lượng, hòa giải. Nếu không thành, tranh chấp sẽ được đưa ra giải quyết tại Tòa án có thẩm quyền tại Việt Nam."
TCSME có được phép vay nợ để đầu tư không và hạn mức vay là bao nhiêu?,"- TCSME không được sử dụng vốn và tài sản của quỹ để cho vay hoặc bảo lãnh cho bất kỳ khoản vay nào.
- Công ty Quản Lý Quỹ không được phép vay để đầu tư, trừ trường hợp vay ngắn hạn theo quy định của pháp luật về ngân hàng để trang trải các chi phí cần thiết cho quỹ hoặc thực hiện thanh toán các giao dịch chứng chỉ quỹ với Nhà Đầu Tư. Tổng giá trị các khoản vay ngắn hạn của Quỹ không được quá 5% giá trị tài sản ròng của quỹ tại mọi thời điểm và thời hạn vay tối đa là 30 ngày.

Trích dẫn từ [Dữ liệu hệ thống]:","['Mức đầu tư tối thiểu (tính theo giá trị Lệnh Mua) là 10.000 VNĐ (Mười nghìn đồng)  \nKhông có mức giới hạn đầu tư tối đa cho Nhà Đầu Tư. Công Ty Quản Lý Quỹ bảo lưu quyền thay đổi các giới hạn đầu tư trên trong từng thời điểm và sẽ thông báo về các thay đổi này.', 'Nhà Đầu Tư có thể thanh toán số tiền mua Đơn Vị Quỹ từ tài khoản ngân hàng của mình vào tài khoản của Quỹ để Ngân Hàng Giám Sát nhận được đúng hạn và Đại Lý Phân Phối hoàn thành xử lý việc đăng ký với Đại Lý Chuyển Nhượng. Mọi khoản đầu tư vào Đơn Vị Quỹ đều thực hiện bằng tiền Đồng Việt Nam.  \nTrong trường hợp lệnh mua chứng chỉ quỹ và việc thanh toán cho lệnh mua được thực hiện bởi cá nhân, tổ chức khác không phải nhà đầu tư thì phiếu lệnh và tài liệu xác nhận thanh toán phải nêu rõ tên, số tài khoản và giá trị thanh toán của nhà đầu tư được hưởng lợi.', '## 2.2.6 Hoạt động vay, cho vay, giao dịch mua bán lại và giao dịch ký quỹ\nCông ty Quản Lý Quỹ không được sử dụng vốn và tài sản của Quỹ để cho vay hoặc bảo lãnh cho bất kỳ khoản vay nào.  \nCông ty Quản Lý Quỹ không được phép vay để đầu tư, trừ trường hợp vay ngắn hạn theo quy định của pháp luật về ngân hàng để trang trải các chi phí cần thiết cho quỹ hoặc thực hiện thanh toán các giao dịch chứng chỉ quỹ với Nhà Đầu Tư. Tổng giá trị các khoản vay ngắn hạn của Quỹ không được quá 5% giá trị tài sản ròng của quỹ tại mọi thời điểm và thời hạn vay tối đa là 30 ngày.  \nCông ty Quản Lý Quỹ không được sử dụng tài sản của quỹ để thực hiện các giao dịch ký quỹ (vay mua chứng khoán) cho quỹ hoặc cho bất kỳ cá nhân, tổ chức khác; không được sử dụng tài sản của quỹ thực hiện các giao dịch bán khổng, cho vay chứng khoán.', '## f) Lệnh Mua Tối Thiểu\nMức đầu tư tối thiểu (tính theo giá trị Lệnh Mua) là 10.000 VND (Mười nghìn đồng)  \nKhông có mức giới hạn đầu tư tối đa cho Nhà Đầu Tư. Công Ty Quản Lý Quỹ bảo lưu quyền thay đổi các giới hạn đầu tư trên trong từng thời điểm và sẽ thông báo về các thay đổi này.', '## 2.2.5 Điều chỉnh danh mục đầu tư\nCơ cấu đầu tư của quỹ mở chỉ được vượt mức so với các hạn chế đầu tư đã quy định tại điểm a, b, c, d, đ, e và i mục IX.2.2.4 và chỉ do các nguyên nhân sau:  \na) Biến động giá trên thị trường của tài sản trong danh mục đầu tư của quỹ;  \nb) Thực hiện các khoản thanh toán của quỹ theo quy định của pháp luật, bao gồm việc thực hiện lệnh giao dịch của nhà đầu tư;']","Quỹ chỉ được vay ngắn hạn để trang trải các chi phí cần thiết hoặc thanh toán lệnh mua lại CCQ, hạn mức không quá 5% giá trị tài sản ròng và thời gian vay tối đa 30 ngày."
Điều kiện để trở thành thành viên của Ban đại diện Quỹ là gì?,"Tôi không tìm thấy thông tin này trong tài liệu.

[Trang 6] đề cập đến ""Ban Đại Diện Quỹ"" nhưng không nêu rõ điều kiện để trở thành thành viên của Ban đại diện Quỹ.","['9 năm kinh nghiệm với vai trò giám đốc kiểm toán tại Công ty TNHH KPMG Việt Nam.  \nHiện là Giám đốc tài chính (CFO) tại Công ty CP Đầu tư Thương Mại Quốc Tế Mặt Trời Đỏ.  |  \nCác quy định về tiêu chuẩn lựa chọn thành viên Ban đại diện Quỹ, quyền hạn và nhiệm vụ của Ban đại diện Quỹ, chủ tịch Ban đại diện Quỹ, đình chỉ hoặc bãi miễn thành viên Ban đại diện Quỹ, cuộc họp của Ban đại diện Quỹ tuân theo quy định tại chương V Điều lệ Quỹ.', '“Ban Đại Diện Quỹ” là những người đại diện cho Nhà Đầu Tư được Đại Hội Nhà Đầu Tư bầu ra để thay mặt Nhà Đầu Tư thực hiện việc giám sát các hoạt động của Quỹ, Công ty Quản Lý Quỹ và Ngân Hàng Giám Sát.  \n“Vốn Điều lệ” là tổng số vốn bằng tiền do các Nhà Đầu Tư thực góp trong đợt phát hành Chứng Chỉ Quỹ lần đầu ra công chúng và được ghi trong Điều lệ.  \n“Chứng Chỉ Quỹ” Là loại chứng khoán xác nhận quyền sở hữu của nhà đầu tư đối với một phần vốn góp tại quỹ. Mệnh giá 01 chứng chỉ quỹ là 10.000 đồng.', 'e. Phụ Cấp Ban Đại Diện Quỹ  \nCác chi phí của Ban Đại Diện Quỹ bao gồm chi phí ăn ở, đi lại với mức hợp lý và phù hợp với các quy định tại Điều lệ Quỹ, các chi phí phát sinh từ hoạt động của Ban Đại Diện Quỹ để phục vụ cho lợi ích của Quỹ sẽ được tính vào chi phí của Quỹ. Để dễ hiểu, chi phí trên không bao gồm các chi phí bảo hiểm đối với trách nhiệm phát sinh cho Ban Đại Diện Quỹ khi thực hiện nghĩa vụ của Ban Đại Diện Quỹ. Thù lao của các thành viên của Ban Đại Diện Quỹ được tính vào chi phí hoạt động của Quỹ và tổng mức thù lao không được vượt quá tổng ngân sách hoạt động hàng năm của Ban Đại Diện đã được thông qua tại Đại Hội Nhà Đầu Tư.', '## VI. CÔNG TY KIỂM TOÁN\nCông ty kiểm toán được lựa chọn phải được thành lập và hoạt động phù hợp với quy định của Pháp Luật và không được là người có liên quan của Công Ty Quản Lý Quỹ và Ngân Hàng Giám Sát. Năm đầu tiên, công ty kiểm toán của Quỹ sẽ được Công Ty Quản Lý Quỹ để cử để Đại Hội Nhà Đầu Tư thông qua. Các năm sau đó, Đại Hội Nhà Đầu Tư ủy quyền cho Ban Đại Diện Quỹ thông qua việc lựa chọn công ty kiểm toán. Công Ty Quản Lý Quỹ sẽ đề xuất với Ban Đại Diện quỹ ít nhất 02 (hai) công ty kiểm toán để lựa chọn cho Quỹ.', '## Lĩnh vực được phép đầu tư\n- Có quy định tại Điều lệ quỹ và Bản cáo bạch;\n- Đã được Ban đại diện quỹ chấp thuận bằng văn bản về loại, mã chứng khoán, số lượng, giá trị giao dịch, thời điểm thực hiện;\n- Có đủ tài liệu chứng minh về bảo lãnh thanh toán hoặc tài liệu về cam kết mua lại của tổ chức phát hành.']","Thành viên Ban đại diện Quỹ phải đáp ứng các tiêu chuẩn về đạo đức, chuyên môn tài chính/kế toán và không thuộc các trường hợp bị cấm theo quy định của Luật Chứng khoán và Điều lệ Quỹ."
Phí chuyển đổi từ quỹ TCSME sang các quỹ khác của TechcomCapital được tính như thế nào?,"Phí chuyển đổi từ quỹ TCSME sang các quỹ khác của TechcomCapital được áp dụng một lần trên giá trị giao dịch bán, với mức phí không quá 3% (ba phần trăm) giá trị thực hiện chuyển đổi. [Trang 55]

Thông tin này được trích dẫn trực tiếp từ tài liệu nguồn, cụ thể là ở [Trang 55].","['## 2.4.6. Quy trình chuyển đổi quỹ\nNhà Đầu Tư có thể chuyển đổi sang Quỹ khác do Công Ty Quản Lý Quỹ quản lý bằng Lệnh Chuyển Đổi. Phiếu Lệnh Chuyển Đổi được đính kèm theo Đơn Đăng Ký, hoặc có tại Điểm Nhận Lệnh. Đối với Lệnh Chuyển Đổi, toàn bộ tiền bán Đơn Vị Quỹ của Quỹ này sau khi trừ phí và thuế (nếu có), sẽ dùng để mua Đơn Vị Quỹ của Quỹ khác.  \nViệc chuyển đổi Quỹ bằng việc bán một Quỹ và mua một Quỹ khác tại ngày giao dịch tương ứng được coi như thực hiện một lệnh bán. Giá dịch vụ Chuyển Đổi Quỹ do đó được áp dụng một lần trên giá trị giao dịch bán và Giá dịch vụ Chuyển Đổi Quỹ được TCC ấn định và công bố bằng văn bản thông báo tại từng thời kỳ nhưng không quá ba phần trăm (3%) giá trị mua lại.', 'Việc chuyển đổi Quỹ bằng việc bán một Quỹ và mua một Quỹ khác tại ngày giao dịch tương ứng được coi như thực hiện một lệnh bán. Giá dịch vụ Chuyển Đổi Quỹ do đó được áp dụng một lần trên giá trị giao dịch bán và Giá dịch vụ Chuyển Đổi Quỹ được TCC ấn định và công bố bằng văn bản thông báo tại từng thời kỳ nhưng không quá ba phần trăm (3%) giá trị mua lại.  \n- **Xử lý các Lệnh Chuyển Đổi**  \nLệnh Chuyển Đổi được xử lý bởi Đại Lý Chuyển Nhượng như là Lệnh Bản và tiếp theo sau là Lệnh Mua được thực hiện tại Ngày Giao Dịch tương ứng.  \nLệnh Bản và Lệnh Mua được xử lý bởi Đại Lý Chuyển Nhượng theo quy trình mô tả ở trên với Lệnh Bản được thực hiện trước, Lệnh Mua được xử lý sau.  \nLệnh Chuyển Đổi được đặt bằng số lượng Đơn Vị Quỹ.  \n- **Mức Tối Thiểu Cho Lệnh Chuyển Đổi**', '## c) Giá dịch vụ Chuyển Đổi Quỹ\nGiá dịch vụ Chuyển Đổi là giá dịch vụ mà Nhà Đầu Tư phải trả khi thực hiện chuyển đổi đầu tư giữa các Quỹ mở do Công Ty Quản Lý Quỹ quản lý. Việc chuyển đổi Quỹ bằng việc bán một Quỹ và mua một Quỹ khác tại ngày giao dịch tương ứng được coi như thực hiện một lệnh bán. Giá dịch vụ Chuyển Đổi Quỹ do đó được áp dụng một lần trên giá trị chuyển đổi với mức giá dịch vụ được TCC ấn định và công bố bằng văn bản thông báo tại từng thời kỳ nhưng không quá 3,0% (ba phần trăm) giá trị thực hiện chuyển đổi. Thời điểm áp dụng mức giá dịch vụ mới tăng sớm nhất là 60 ngày kể từ ngày Công ty Quản Lý Quỹ công bố về mức giá dịch vụ mới trên trang thông tin điện tử của Công ty.', '## c) Giá dịch vụ Chuyển Đổi Quỹ\nGiá dịch vụ Chuyển Đổi là giá dịch vụ mà Nhà Đầu Tư phải trả khi thực hiện chuyển đổi đầu tư giữa các Quỹ mở do Công Ty Quản Lý Quỹ quản lý. Việc chuyển đổi Quỹ bằng việc bán một Quỹ và mua một Quỹ khác tại ngày giao dịch tương ứng được coi như thực hiện một lệnh bán. Giá dịch vụ Chuyển Đổi Quỹ do đó được áp dụng một lần trên giá trị chuyển đổi với mức giá dịch vụ được TCC ấn định và công bố bằng văn bản thông báo tại từng thời kỳ nhưng không quá 3,0% (ba phần trăm) giá trị thực hiện chuyển đổi. Thời điểm áp dụng mức giá dịch vụ mới tăng sớm nhất là 60 ngày kể từ ngày Công ty Quản Lý Quỹ công bố về mức giá dịch vụ mới trên trang thông tin điện tử của Công ty.', 'Trong các trường hợp tạm dừng thực hiện các giao dịch Đơn Vị Quỹ, Lệnh Chuyển Đổi đã nhận sẽ được thực hiện tại NAV tại Ngày Giao Dịch đầu tiên sau khi giao dịch được thực hiện trở lại.  \n**g. Quy trình chuyển nhượng chứng chỉ quỹ**  \n- **Đơn Chuyển Nhượng**  \nNhà Đầu Tư có thể Chuyển Nhượng Đơn Vị Quỹ cho nhà đầu tư khác dưới dạng quà tặng, thừa kế hoặc thực hiện lệnh của toà án. Chuyển Nhượng chỉ được thực hiện dưới dạng số lượng Đơn  \n55']","Mức phí chuyển đổi tối đa là 3% giá trị giao dịch. Biểu phí hiện tại được phân loại theo thời gian nắm giữ, miễn phí nếu nắm giữ trên 12 tháng."
Giải thích quy trình xử lý nếu xảy ra sai sót trong việc định giá NAV vượt mức sai số cho phép?,Tôi không tìm thấy thông tin này trong tài liệu.,"['## 2.2.8 Nguyên tắc, phương thức xác định giá trị tài sản ròng\nNgày Định Giá là ngày Công ty Quản Lý Quỹ xác định NAV của Quỹ. Ngày Định Giá là ngày giao dịch (để phục vụ cho việc tính giá phát hành và giá mua lại); và là ngày đầu tiên của tháng tiếp theo đối với việc định giá để làm báo cáo tháng, quý, năm theo luật định.  \n**Ví dụ:**  \n|  Khoản mục | Đơn vị | Giá trị  |\n| --- | --- | --- |\n|  NAV của Quỹ tại Ngày Định Giá T | = | 78.000.000.000  |\n|  Số lượng Đơn Vị Quỹ đang lưu hành tại T-1 | Đơn vị | 7.000.000  |', '## 2.2.8 Nguyên tắc, phương thức xác định giá trị tài sản ròng\nGiá Trị Tài Sản Ròng (NAV) của một Chứng chỉ quỹ bằng NAV của Quỹ chia cho tổng số Chứng chỉ quỹ đang lưu hành tại Ngày Giao Dịch gần nhất trước Ngày Định Giá. Giá trị tài sản ròng trên một Chứng chỉ quỹ sẽ được làm tròn xuống đến 2 (hai) chữ số thập phân.', '## 4. Phương pháp xác định giá trị tài sản ròng\nGiá Trị Tài Sản Ròng (NAV) của một Chứng chỉ quỹ bằng NAV của Quỹ chia cho tổng số Chứng chỉ quỹ đang lưu hành tại Ngày Giao Dịch gần nhất trước Ngày Định Giá.', '## d) Giá dịch vụ Quản Trị Quỹ\nGiá dịch vụ Quản trị quỹ sẽ là 0,03% NAV/năm và thấp nhất là 15.000.000 đồng/ tháng (chưa bao gồm thuế VAT)  \nCông thức tính giá dịch vụ quản trị quỹ vào mỗi kỳ định giá được xác định như sau:  \nGiá dịch vụ quản trị quỹ cho kỳ định giá = Tỷ lệ giá dịch vụ quản trị quỹ (năm) x NAV tại ngày trước ngày định giá x số ngày theo lịch thực tế của chu kỳ định giá / số ngày thực tế của năm (365 hoặc 366).', 'Trường hợp sai lệch do công ty quản lý quỹ không tuân thủ các hạn chế đầu tư theo quy định của pháp luật hoặc Điều lệ quỹ, công ty quản lý quỹ phải điều chỉnh lại danh mục đầu tư trong thời hạn 15 ngày kể từ ngày phát hiện ra sai lệch. Công ty quản lý quỹ phải bồi thường thiệt hại cho quỹ (nếu có) và chịu mọi chi phí phát sinh liên quan đến việc điều chỉnh lại danh mục đầu tư. Nếu phát sinh lợi nhuận phải hạch toán ngay mọi khoản lợi nhuận có được cho quỹ.']","Công ty quản lý quỹ phải bồi thường thiệt hại cho nhà đầu tư và Quỹ nếu sai sót vượt mức 0,75% NAV (đối với quỹ cổ phiếu) theo quy định của pháp luật."
Ngân hàng BIDV - Chi nhánh Hà Thành thực hiện những nhiệm vụ lưu ký cụ thể nào cho quỹ?,"Tôi không tìm thấy thông tin này trong tài liệu.

[Trang 67] Đề cập đến Ngân hàng TMCP Đầu tư và Phát triển Việt Nam – Chi nhánh Hà Thành, nhưng không có thông tin về Ngân hàng BIDV - Chi nhánh Hà Thành.","['## V. NGÂN HÀNG GIÁM SÁT\n- Tên ngân hàng: Ngân hàng TMCP Đầu tư và Phát triển Việt Nam – Chi nhánh Hà Thành\n- Giấy chứng nhận đăng ký hoạt động chi nhánh: Số 0100150619-073 cấp lần đầu ngày 12/9/2003 thay đổi lần 12 ngày 16/06/2020 do Sở kế hoạch và Đầu tư thành phố Hà Nội cấp\n- GCNDK hoạt động lưu ký: Số 510/QĐ-ĐKHĐLK ngày 01/08/2006 do UBCKNN cấp\n- Trụ sở chính: 74 Thợ Nhuộm, Hoàn Kiếm, Hà Nội, Việt Nam\n- Điện thoại: +84.24 39411840 Fax: +84.24 39411847  \nNgân hàng Giám sát chịu trách nhiệm trong phạm vi liên quan đến hoạt động của ngân hàng giám sát theo quy định tại Điều lệ Quỹ và Hợp đồng Giám sát.', '# PHỤ LỤC 2. CÁC ĐỐI TÁC CÓ LIÊN QUAN\nNgân hàng lưu ký, giám sát và quản trị quỹ:  \nNgân hàng TMCP Đầu tư và Phát triển Việt Nam - Chi nhánh Hà Thành, một chi nhánh được thành lập theo Giấy chứng nhận đăng ký hoạt động chi nhánh số 0100150619-073 cấp lần đầu ngày 12/9/2003 thay đổi lần 12 ngày 16/06/2020 do Sở kế hoạch và Đầu tư thành phố Hà Nội cấp và Giấy chứng nhận đăng ký hoạt động lưu ký chứng khoán số 510/QĐ-ĐKHĐLK ngày 01/08/2006 do UBCKNN cấp, thực hiện các nghiệp vụ (i) bảo quản, lưu ký chứng khoán, tài liệu xác nhận quyền sở hữu tài sản hợp pháp của Quỹ; các hợp đồng kinh tế, các chứng từ có liên quan đến tài sản của Quỹ đồng thời giám sát hoạt động của Quỹ; (ii) thực hiện chức năng giám sát toàn bộ quản lý tài sản của Quỹ do Công ty Quản lý Quỹ thực hiện.  \n![img-15.jpeg](img-15.jpeg)', '# NGÂN HÀNG GIÁM SÁT\nTên ngân hàng giám sát: Ngân hàng TMCP Đầu tư &amp; Phát triển Việt Nam – Chi nhánh Hà Thành;  \nGiấy chứng nhận đăng ký kinh doanh số 0100150619-073 cấp lần đầu ngày 12/09/2003, thay đổi lần thứ 12 ngày 16/06/2020 do Sở Kế hoạch và Đầu tư thành phố Hà Nội cấp;  \nGiấy phép hoạt động lưu ký chứng khoán số: 510/QĐ-ĐKHĐLK ngày 01/08/2006 do UBCKNN cấp;  \nChúng tôi, với tư cách là Ngân hàng giám sát của Quỹ Đầu Tư Cổ phiếu Doanh nghiệp vừa và nhỏ Techcom sẽ chịu trách nhiệm theo các quy định trong phạm vi Hợp Đồng Cung Cấp Dịch Vụ lưu ký giám sát của Quỹ được ký kết giữa chúng tôi với Công ty Cổ phần Quản lý Quỹ Kỹ Thương, và các quy định về Ngân hàng giám sát trong Điều lệ, Bản cáo bạch của Quỹ.  \n![img-13.jpeg](img-13.jpeg)  \n![img-14.jpeg](img-14.jpeg)', 'Nhà Đầu Tư có thể thanh toán số tiền mua Đơn Vị Quỹ từ tài khoản ngân hàng của mình vào tài khoản của Quỹ để Ngân Hàng Giám Sát nhận được đúng hạn và Đại Lý Phân Phối hoàn thành xử lý việc đăng ký với Đại Lý Chuyển Nhượng. Mọi khoản đầu tư vào Đơn Vị Quỹ đều thực hiện bằng tiền Đồng Việt Nam.  \nTrong trường hợp lệnh mua chứng chỉ quỹ và việc thanh toán cho lệnh mua được thực hiện bởi cá nhân, tổ chức khác không phải nhà đầu tư thì phiếu lệnh và tài liệu xác nhận thanh toán phải nêu rõ tên, số tài khoản và giá trị thanh toán của nhà đầu tư được hưởng lợi.', '# VIII. TỔ CHỨC ĐƯỢC ỦY QUYỀN\n## 2. Ủy quyền dịch vụ quản trị quỹ đầu tư\n- Tên ngân hàng: Ngân hàng TMCP Đầu tư và Phát triển Việt Nam – Chi nhánh Hà Thành\n- Giấy chứng nhận đăng ký hoạt động chi nhánh: Số 0100150619-073 cấp lần đầu ngày 12/9/2003 thay đổi lần 12 ngày 16/06/2020 do Sở kế hoạch và Đầu tư thành phố Hà Nội cấp\n- GCNDK hoạt động lưu ký: Số 510/QĐ-ĐKHDLK ngày 01/08/2006 do UBCKNN cấp\n- Trụ sở chính: 74 Thợ Nhuộm, Hoàn Kiếm, Hà Nội, Việt Nam\n- Điện thoại: +84.24 39411840    Fax: +84.24 39411847  \nTổ chức cung cấp dịch vụ quản trị quỹ chịu trách nhiệm trong phạm vi liên quan đến dịch vụ cung cấp theo quy định tại hợp đồng dịch vụ ký kết giữa Công ty Quản lý Quỹ và tổ chức cung cấp dịch vụ quản trị quỹ.']","Thực hiện bảo quản, lưu ký chứng khoán, tài liệu quyền sở hữu tài sản, thực hiện thu các khoản lãi/cổ tức và giám sát các hoạt động đầu tư của Công ty quản lý quỹ."
